symbol,funding_time_ms,funding_rate
ETH,1777392000000,8.7e-05
ETH,1777420800000,6.5e-05
ETH,1777449600000,6e-05
ETH,1777478400000,0.0001
ETH,1777507200000,0.0001
ETH,1777536000000,3.3e-05
ETH,1777564800000,-1.9e-05
ETH,1777593600000,1e-05
ETH,1777622400000,4e-06
ETH,1777651200000,-7.9e-05
ETH,1777680000000,-8e-06
ETH,1777708800000,5.1e-05
ETH,1777737600000,2.5e-05
ETH,1777766400000,7.6e-05
ETH,1777795200000,9.5e-05
ETH,1777824000000,3.6e-05
ETH,1777852800000,-9e-06
ETH,1777881600000,6e-06
ETH,1777910400000,-1.1e-05
ETH,1777939200000,-2.7e-05
ETH,1777968000000,-6.3e-05
ETH,1777996800000,-7.7e-05
ETH,1778025600000,6e-06
ETH,1778054400000,1.7e-05
ETH,1778083200000,4.1e-05
ETH,1778112000000,0.0001
ETH,1778140800000,0.0001
ETH,1778169600000,0.0001
ETH,1778198400000,0.0001
ETH,1778227200000,0.0001
ETH,1778256000000,0.0001
ETH,1778284800000,0.0001
ETH,1778313600000,0.0001
ETH,1778342400000,0.0001
ETH,1778371200000,0.0001
ETH,1778400000000,0.0001
ETH,1778428800000,0.0001
ETH,1778457600000,5.7e-05
ETH,1778486400000,0.0001
ETH,1778515200000,0.0001
ETH,1778544000000,0.0001
ETH,1778572800000,0.0001
ETH,1778601600000,0.0001
ETH,1778630400000,0.0001
ETH,1778659200000,0.0001
ETH,1778688000000,0.0001
ETH,1778716800000,0.0001
ETH,1778745600000,0.0001
ETH,1778774400000,0.0001
ETH,1778803200000,4.1e-05
ETH,1778832000000,0.0001
ETH,1778860800000,0.0001
ETH,1778889600000,0.0001
ETH,1778918400000,0.0001
ETH,1778947200000,0.0001
ETH,1778976000000,0.0001
ETH,1779004800000,0.0001
ETH,1779033600000,0.0001
ETH,1779062400000,0.0001
ETH,1779091200000,2.3e-05
ETH,1779120000000,4.9e-05
ETH,1779148800000,7.4e-05
ETH,1779177600000,7.2e-05
ETH,1779206400000,9.3e-05
ETH,1779235200000,0.0001
ETH,1779264000000,7.2e-05
ETH,1779292800000,7.4e-05
ETH,1779321600000,5.7e-05
ETH,1779350400000,5.8e-05
ETH,1779379200000,6.7e-05
ETH,1779408000000,3.5e-05
ETH,1779436800000,6.7e-05
ETH,1779465600000,0.0001
ETH,1779494400000,-1.6e-05
ETH,1779523200000,5.6e-05
ETH,1779552000000,-3.3e-05
ETH,1779580800000,4e-06
ETH,1779609600000,8.9e-05
ETH,1779638400000,7.2e-05
ETH,1779667200000,6.3e-05
ETH,1779696000000,5.8e-05
ETH,1779724800000,1e-06
ETH,1779753600000,4.1e-05
ETH,1779782400000,3.9e-05
ETH,1779811200000,4.6e-05
ETH,1779840000000,9e-05
ETH,1779868800000,3.1e-05
ETH,1779897600000,6.2e-05
ETH,1779926400000,8.2e-05
ETH,1779955200000,9.5e-05
ETH,1779984000000,3.6e-05
ETH,1780012800000,3.6e-05
ETH,1780041600000,8.6e-05
ETH,1780070400000,0.0001
ETH,1780099200000,7.9e-05
ETH,1780128000000,6.4e-05
ETH,1780156800000,2.9e-05
ETH,1780185600000,4.1e-05
ETH,1780214400000,2.5e-05
ETH,1780243200000,4.1e-05
ETH,1780272000000,0.0001
ETH,1780300800000,0.0001
ETH,1780329600000,0.0001
ETH,1780358400000,0.0001
ETH,1780387200000,7.3e-05
ETH,1780416000000,8e-05
ETH,1780444800000,5.8e-05
ETH,1780473600000,3.6e-05
ETH,1780502400000,3.1e-05
ETH,1780531200000,2.9e-05
ETH,1780560000000,-6e-06
ETH,1780588800000,-2.9e-05
ETH,1780617600000,1.2e-05
ETH,1780646400000,-2.6e-05
ETH,1780675200000,-8.4e-05
ETH,1780704000000,-7.4e-05
ETH,1780732800000,-7.9e-05
ETH,1780761600000,-1.7e-05
ETH,1780790400000,-3.6e-05
ETH,1780819200000,-8.3e-05
ETH,1780848000000,-5e-05
ETH,1780876800000,-2.6e-05
ETH,1780905600000,-4.6e-05
ETH,1780934400000,-2.1e-05
ETH,1780963200000,-8.7e-05
ETH,1780992000000,-6e-06
ETH,1781020800000,2.7e-05
ETH,1781049600000,-1.2e-05
ETH,1781078400000,-1.7e-05
ETH,1781107200000,-2.7e-05
ETH,1781136000000,-1e-06
ETH,1781164800000,-3.5e-05
ETH,1781193600000,-1e-05
ETH,1781222400000,3.1e-05
ETH,1781251200000,3.4e-05
ETH,1781280000000,1.7e-05
ETH,1781308800000,0.0001
ETH,1781337600000,0.0001
ETH,1781366400000,-7e-06
ETH,1781395200000,8.1e-05
ETH,1781424000000,5.5e-05
ETH,1781452800000,0.0001
ETH,1781481600000,9.8e-05
ETH,1781510400000,-8e-06
ETH,1781539200000,2e-06
ETH,1781568000000,7.8e-05
ETH,1781596800000,-5.8e-05
ETH,1781625600000,4.4e-05
ETH,1781654400000,5.5e-05
ETH,1781683200000,5.6e-05
ETH,1781712000000,-3.3e-05
ETH,1781740800000,-4e-06
ETH,1781769600000,1.8e-05
ETH,1781798400000,1.8e-05
ETH,1781827200000,2.1e-05
ETH,1781856000000,-2e-05
ETH,1781884800000,3.5e-05
ETH,1781913600000,-3.1e-05
ETH,1781942400000,1.1e-05
ETH,1781971200000,1.9e-05
ETH,1782000000000,4.5e-05
ETH,1782028800000,-1.2e-05
ETH,1782057600000,-6e-06
ETH,1782086400000,1.2e-05
ETH,1782115200000,2.7e-05
ETH,1782144000000,1.1e-05
ETH,1782172800000,4.9e-05
ETH,1782201600000,-3e-06
ETH,1782230400000,-3.8e-05
ETH,1782259200000,6e-05
ETH,1782288000000,2.4e-05
ETH,1782316800000,2.9e-05
ETH,1782345600000,2e-06
ETH,1782374400000,3e-06
ETH,1782403200000,-4.3e-05
ETH,1782432000000,-2e-06
ETH,1782460800000,-1.1e-05
ETH,1782489600000,2.6e-05
ETH,1782518400000,-2.9e-05
ETH,1782547200000,1.8e-05
ETH,1782576000000,7e-06
ETH,1782604800000,-4e-05
ETH,1782633600000,-3e-06
ETH,1782662400000,2.2e-05
ETH,1782691200000,1.8e-05
ETH,1782720000000,-1.5e-05
ETH,1782748800000,4.2e-05
ETH,1782777600000,2e-05
ETH,1782806400000,2.9e-05
ETH,1782835200000,7.1e-05
ETH,1782864000000,8.3e-05
ETH,1782892800000,7.6e-05
ETH,1782921600000,8e-06
ETH,1782950400000,1.6e-05
ETH,1782979200000,5.1e-05
ETH,1783008000000,4.4e-05
ETH,1783036800000,4.3e-05
ETH,1783065600000,8e-05
ETH,1783094400000,6.2e-05
ETH,1783123200000,7.4e-05
ETH,1783152000000,4.7e-05
ETH,1783180800000,3.4e-05
ETH,1783209600000,6e-05
ETH,1783238400000,8.1e-05
ETH,1783267200000,4.5e-05
ETH,1783296000000,3.5e-05
ETH,1783324800000,4.6e-05
ETH,1783353600000,4.9e-05
ETH,1783382400000,6.4e-05
ETH,1783411200000,3e-05
ETH,1783440000000,4.7e-05
ETH,1783468800000,5e-05
ETH,1783497600000,1.5e-05
ETH,1783526400000,5.3e-05
ETH,1783555200000,7.7e-05
ETH,1783584000000,1e-06
ETH,1783612800000,4.2e-05
ETH,1783641600000,3.5e-05
ETH,1783670400000,7e-06
ETH,1783699200000,1.3e-05
ETH,1783728000000,1.2e-05
ETH,1783756800000,-2.3e-05
ETH,1783785600000,-1.8e-05
ETH,1783814400000,-4e-06
ETH,1783843200000,1e-05
ETH,1783872000000,2.1e-05
ETH,1783900800000,4e-06
ETH,1783929600000,2.6e-05
ETH,1783958400000,5.2e-05
ETH,1783987200000,2e-05
ETH,1784016000000,-1.7e-05
ETH,1784044800000,6.9e-05
ETH,1784073600000,9e-06
ETH,1784102400000,7.8e-05
ETH,1784131200000,6.4e-05
ETH,1784160000000,2.7e-05
ETH,1784188800000,8.5e-05
ETH,1784217600000,9.2e-05
ETH,1784246400000,7.1e-05
ETH,1784275200000,0.0001
ETH,1784304000000,4.6e-05
ETH,1784332800000,3.7e-05
ETH,1784361600000,6.8e-05
ETH,1784390400000,2.5e-05
ETH,1784419200000,4e-05
ETH,1784448000000,9.2e-05
ETH,1784476800000,6.5e-05
ETH,1784505600000,5e-05
ETH,1784534400000,2.4e-05
ETH,1784563200000,3.8e-05
ETH,1784592000000,1.8e-05
ETH,1784620800000,2.4e-05
ETH,1784649600000,3.7e-05
ETH,1784678400000,4.7e-05
ETH,1784707200000,3e-06
ETH,1784736000000,2.8e-05
ETH,1784764800000,2.5e-05
ETH,1784793600000,1.7e-05
ETH,1784822400000,8e-06
ETH,1784851200000,-3e-06
ETH,1784880000000,4e-06
ETH,1784908800000,4.2e-05
ETH,1784937600000,7.5e-05
ETH,1784966400000,9.3e-05
ETH,1784995200000,6.9e-05
ETH,1785024000000,-2e-05
ETH,1785052800000,3e-05
ETH,1785081600000,1.3e-05
ETH,1785110400000,4.6e-05
ETH,1785139200000,1.4e-05
