milestone_id	short_label	build_datetime	timeframe	window	candidate	overall_mean_bps	trend_up_mean_bps	trend_down_mean_bps	range_neutral_mean_bps	overall_lcb_bps	familywise_lcb_bps	median_bps	observations	gate_pass	status	selection_criterion	main_difference	decision	source_metrics	source_metrics_sha256	source_ledger	source_ledger_sha256	source_report	source_report_sha256
M01_ADA_DONCHIAN48	"05.08 M1
ADA D48"	2026-08-05T07:25:57.058720+00:00	1h	development	exia_ada_donchian48_v2	-9.193448777880858	-10.959297980698064	-7.613478438518079		-80.01052536351571			180	False	NO_CANDIDATE_FOR_VALIDATION	Best sealed early trend candidate	Первый costed trend baseline с отдельными TREND_UP/TREND_DOWN срезами.	FAIL: отрицательные mean и LCB					Reports\Exia\ada_donchian48_v2\development_report.json	e2e90797ff072198d61c0ce4ec074543da8ffafa5fd93b5781057cc51b1feafd
M02_RANGE_REENTRY	"05.08 M2
Range"	2026-08-05T07:26:01.344650+00:00	1h	development	exia_range_band_reentry_v1	-18.972577138407747			-18.972577138407747	-31.583757696969847			481	False	NO_CANDIDATE_FOR_VALIDATION	Dedicated range candidate	Отдельный RANGE-only агент вместо общей trend-логики.	FAIL: range expectancy отрицательная					Reports\Exia\range_band_reentry_v1\development_report.json	342152e84a9614ac1f57dd3024eceb1f82169268c49b9a59752505a9f6e4b3b4
M03_REGIME_TRANSITION	"11.08 M3
Transition"	2026-08-11T14:18:56.716809+00:00	1h	development	exia_range_trend_transition_v1	-10.455404893311561	-9.97839505156172	-11.015808064038644		-40.89510398643512			311	False	NO_CANDIDATE_FOR_VALIDATION	Fresh range-to-trend transition	Вход только на переходе режима, а не внутри устойчивого состояния.	FAIL: оба trend-режима отрицательны					Reports\Exia\range_trend_transition_v1\development_report.json	bf04694b706c07bac7b27d331c8ede35795b573460b7cd4938d59951ad2bbae4
M04_4H_MARKET_QUORUM	"20.08 M4
4h quorum"	2026-08-20T07:03:46.968426+00:00	4h	development	MQ_EMA12_48_LONG	34.98139059809065	34.98139059809065			-6.728629393676774	-28.629214937019796		875	False	NO_4H_CANDIDATE_PASSED_STAGED_GATE	Highest development family-wise LCB in the 4h candidate family	Единый 4h full8 market quorum; нейтральный режим стал NoTrade.	FAIL: positive mean, negative LCB	Reports\Exia\four_hour_candidate_screen_v1_final\metrics.parquet	ac4f269530aa4e4f59cfff4e2060bfe91a03172d30322b08b571af0a44221d40	Reports\Exia\four_hour_candidate_screen_v1_final\trades.parquet	b404c668d4499e4649c7f462043a1e760e4a38beeebb5baa49536b27537ddac7	Reports\Exia\four_hour_candidate_screen_v1_final\report.json	3edff75c54324ac7fc8e931ca3cb42a09bc21196c756656328d0e84f6b96ab38
M05_TAIL_CONTROL	"20.08 M5
Tail exit"	2026-08-20T07:29:26.383047+00:00	4h	development	ATR_BREAKEVEN_PROGRESS24	13.093182838936828	13.093182838936832			-14.325441904054664	-23.174873317433995	-18.670942750498394	1264	False	NO_EXIT_POLICY_PASSED_STAGED_GATE	Best median and P01 among preregistered non-control exits	Gap-aware ATR, breakeven, no-progress и max-holding при неизменном входе.	FAIL: median improved but remains negative	Reports\Exia\four_hour_exit_policy_screen_v1_final\metrics.parquet	6ae23f2c3800d3fec3a9f7de9344fdba7942ab84071c21f29ad98f7918959a85	Reports\Exia\four_hour_exit_policy_screen_v1_final\trades.parquet	77f30752e3ab04c70a79d4433f309578b897a4e42c98ea94e3cfb6edd75d2433	Reports\Exia\four_hour_exit_policy_screen_v1_final\report.json	fb4e4105b3ad5a5b02ed4f97b56bad5bcceb3c61d74698826d79a43ac96ca7b4
M06_SPARSE_EVENTS	"20.08 M6
Sparse"	2026-08-20T07:40:09.959495+00:00	4h	development	TOP_QUARTILE_BREAKOUT20	-7.9268364201409405	-7.9268364201409405			-65.42066186099755	-86.27400950116363	-16.0	350	False	NO_SPARSE_EVENT_PASSED_STAGED_GATE	Best stress mean and LCB among non-control sparse events	Одноразовые event-входы; нулевой event больше не закрывает позицию.	FAIL: expectancy and LCB negative	Reports\Exia\four_hour_sparse_event_screen_v1_authoritative\metrics.parquet	62b9da84d4edfa847217a35a0c9d95ee1073ca0879134a1897a6a1ceb4cc4915	Reports\Exia\four_hour_sparse_event_screen_v1_authoritative\trades.parquet	596cb7b85732d2f01fce9bf4805edc1a51482a1c5d7fa916484536165fa001f4	Reports\Exia\four_hour_sparse_event_screen_v1_authoritative\report.json	84441c0493720a624dc42a5ea45dfddf04f43e4037061e676a22a824f4421010
M07_FORWARD_FEASIBILITY	"20.08 M7
H1 label"	2026-08-20T07:54:48.349669+00:00	4h	development	BULLISH_REGIME_TRANSITION__H1	28.053810183038564	28.05381018303857			7.590933097525903	-4.3189608993134	-7.171990958565008	605	False	NO_EVENT_HORIZON_PASSED_STAGED_GATE	Highest ordinary and family-wise LCB among non-control fixed horizons	Вход проверяется напрямую на fixed horizon без stop/trailing/position-policy.	FAIL: ordinary LCB positive, family-wise LCB and median negative	Reports\Exia\four_hour_forward_feasibility_v1_authoritative\metrics.parquet	d8fc1dd831df5bb39fd67c37771417d69ccc1e67a8d76ee8b843b5437b7a1bad	Reports\Exia\four_hour_forward_feasibility_v1_authoritative\observations.parquet	5bdd5e6f09a6d664b30ddd085fd5d1ab14bd4c79c7e4c38c9873017b733144ac	Reports\Exia\four_hour_forward_feasibility_v1_authoritative\report.json	fdb2c4e6ee98bf252e27de0ed5f448c34647b2a6d592a3e6472cd77a1e5e5f72
M08_SOL_VALIDATION	"20.08 M8
SOL val"	2026-08-20T08:03:47.271055+00:00	4h	validation	SOL_PULLBACK_H12_REPLICATION	57.57277767464116	57.57277767464116			-190.23731434430195	-192.34797779477023	-75.26337525393343	20	False	VALIDATION_REPLICATION_FAILED	Independent replication of the only retained development slice	Независимая validation без повторного подбора; ветка закрывается при провале.	VALIDATION FAIL: close 4h long-trend branch	Reports\Exia\four_hour_sol_pullback_h12_replication_v1_authoritative\metrics.parquet	a9dfe76972dc07b9f31fc092ce86654fa1c33d296f1c788da5f1106c8a488717	Reports\Exia\four_hour_sol_pullback_h12_replication_v1_authoritative\observations.parquet	58519c9f4661124c6d2337ffc1c126d37c2d8674344bbe6026e357f74a761749	Reports\Exia\four_hour_sol_pullback_h12_replication_v1_authoritative\report.json	b2f75e4d1b412cf09500ed9442faddcc932f1919d3b6a92700ca6c727dc85d93
