run_datetime,run_date,period_class,version_label,output_dir,bars_processed,first_timestamp,last_timestamp,panteon_pnl_pct,panteon_max_dd_pct,closed_trades,analysis_report
2026-05-26 21:54:34,2026-05-26,current rolling 5y 2021-05-26..2026-05-25,UltimaTechnicalRetest/rolling5y_complete_baseline,C:\Work\Crypto_exchange\Results\UltimaTechnicalRetest\rolling5y_complete_baseline\RETRODATE_MARKET\2026-05-26_21-54-34_retrodate_market_v2,43816,2021-05-26T00:00:00+00:00,2026-05-25T23:00:00+00:00,-36.976013369013735,39.68,2525,C:\Work\Crypto_exchange\Results\UltimaTechnicalRetest\rolling5y_complete_baseline\RETRODATE_MARKET\2026-05-26_21-54-34_retrodate_market_v2\analysis_report.md
2026-05-26 21:54:34,2026-05-26,current rolling 5y 2021-05-26..2026-05-25,UltimaTechnicalRetest/rolling5y_complete_hard_atr,C:\Work\Crypto_exchange\Results\UltimaTechnicalRetest\rolling5y_complete_hard_atr\RETRODATE_MARKET\2026-05-26_21-54-34_retrodate_market_v2,43816,2021-05-26T00:00:00+00:00,2026-05-25T23:00:00+00:00,10.098901836157568,11.94,1466,C:\Work\Crypto_exchange\Results\UltimaTechnicalRetest\rolling5y_complete_hard_atr\RETRODATE_MARKET\2026-05-26_21-54-34_retrodate_market_v2\analysis_report.md
2026-05-26 23:18:05,2026-05-26,current rolling 5y 2021-05-26..2026-05-25,UltimaTechnicalRetest/rolling5y_temporal_baseline,C:\Work\Crypto_exchange\Results\UltimaTechnicalRetest\rolling5y_temporal_baseline\RETRODATE_MARKET\2026-05-26_23-18-05_retrodate_market_v2,43816,2021-05-26T00:00:00+00:00,2026-05-25T23:00:00+00:00,-31.384100961168976,31.9,3202,C:\Work\Crypto_exchange\Results\UltimaTechnicalRetest\rolling5y_temporal_baseline\RETRODATE_MARKET\2026-05-26_23-18-05_retrodate_market_v2\analysis_report.md
2026-05-27 00:09:24,2026-05-27,current rolling 5y 2021-05-26..2026-05-25,UltimaTechnicalRetest/rolling5y_temporal_hard_atr,C:\Work\Crypto_exchange\Results\UltimaTechnicalRetest\rolling5y_temporal_hard_atr\RETRODATE_MARKET\2026-05-27_00-09-24_retrodate_market_v2,43816,2021-05-26T00:00:00+00:00,2026-05-25T23:00:00+00:00,-5.004392699747556,19.93,1389,C:\Work\Crypto_exchange\Results\UltimaTechnicalRetest\rolling5y_temporal_hard_atr\RETRODATE_MARKET\2026-05-27_00-09-24_retrodate_market_v2\analysis_report.md
2026-05-27 07:11:59,2026-05-27,current rolling 5y 2021-05-26..2026-05-25,UltimaTechnicalRetest/rolling5y_temporal_soft_atr,C:\Work\Crypto_exchange\Results\UltimaTechnicalRetest\rolling5y_temporal_soft_atr\RETRODATE_MARKET\2026-05-27_07-11-59_retrodate_market_v2,43816,2021-05-26T00:00:00+00:00,2026-05-25T23:00:00+00:00,-9.734320761232953,14.2,2219,C:\Work\Crypto_exchange\Results\UltimaTechnicalRetest\rolling5y_temporal_soft_atr\RETRODATE_MARKET\2026-05-27_07-11-59_retrodate_market_v2\analysis_report.md
2026-05-27 07:51:49,2026-05-27,current rolling 5y 2021-05-26..2026-05-25,UltimaTechnicalRetest/rolling5y_temporal_soft_atr_defensive,C:\Work\Crypto_exchange\Results\UltimaTechnicalRetest\rolling5y_temporal_soft_atr_defensive\RETRODATE_MARKET\2026-05-27_07-51-49_retrodate_market_v2,43816,2021-05-26T00:00:00+00:00,2026-05-25T23:00:00+00:00,-17.021669894649914,20.99,2433,C:\Work\Crypto_exchange\Results\UltimaTechnicalRetest\rolling5y_temporal_soft_atr_defensive\RETRODATE_MARKET\2026-05-27_07-51-49_retrodate_market_v2\analysis_report.md
2026-05-27 08:27:36,2026-05-27,current rolling 5y 2021-05-26..2026-05-25,UltimaTechnicalRetest/rolling5y_temporal_atr_sizing_only,C:\Work\Crypto_exchange\Results\UltimaTechnicalRetest\rolling5y_temporal_atr_sizing_only\RETRODATE_MARKET\2026-05-27_08-27-36_retrodate_market_v2,43816,2021-05-26T00:00:00+00:00,2026-05-25T23:00:00+00:00,-4.488468983604069,15.07,1672,C:\Work\Crypto_exchange\Results\UltimaTechnicalRetest\rolling5y_temporal_atr_sizing_only\RETRODATE_MARKET\2026-05-27_08-27-36_retrodate_market_v2\analysis_report.md
2026-05-27 09:14:02,2026-05-27,current rolling 5y 2021-05-26..2026-05-25,UltimaTechnicalRetest/rolling5y_temporal_atr_sizing_only_diag,C:\Work\Crypto_exchange\Results\UltimaTechnicalRetest\rolling5y_temporal_atr_sizing_only_diag\RETRODATE_MARKET\2026-05-27_09-14-02_retrodate_market_v2,43816,2021-05-26T00:00:00+00:00,2026-05-25T23:00:00+00:00,-4.488468983604069,15.07,1672,C:\Work\Crypto_exchange\Results\UltimaTechnicalRetest\rolling5y_temporal_atr_sizing_only_diag\RETRODATE_MARKET\2026-05-27_09-14-02_retrodate_market_v2\analysis_report.md
2026-05-27 09:54:03,2026-05-27,current rolling 5y 2021-05-26..2026-05-25,UltimaTechnicalRetest/rolling5y_temporal_atr_sizing_deny_v1,C:\Work\Crypto_exchange\Results\UltimaTechnicalRetest\rolling5y_temporal_atr_sizing_deny_v1\RETRODATE_MARKET\2026-05-27_09-54-03_retrodate_market_v2,43816,2021-05-26T00:00:00+00:00,2026-05-25T23:00:00+00:00,-7.409869848294651,21.41,2169,C:\Work\Crypto_exchange\Results\UltimaTechnicalRetest\rolling5y_temporal_atr_sizing_deny_v1\RETRODATE_MARKET\2026-05-27_09-54-03_retrodate_market_v2\analysis_report.md
2026-05-27 10:54:22,2026-05-27,current rolling 5y 2021-05-26..2026-05-25,UltimaTechnicalRetest/rolling5y_temporal_atr_sizing_lcb_risk_v1,C:\Work\Crypto_exchange\Results\UltimaTechnicalRetest\rolling5y_temporal_atr_sizing_lcb_risk_v1\RETRODATE_MARKET\2026-05-27_10-54-22_retrodate_market_v2,43816,2021-05-26T00:00:00+00:00,2026-05-25T23:00:00+00:00,4.339582494845705,13.21,1672,C:\Work\Crypto_exchange\Results\UltimaTechnicalRetest\rolling5y_temporal_atr_sizing_lcb_risk_v1\RETRODATE_MARKET\2026-05-27_10-54-22_retrodate_market_v2\analysis_report.md
2026-05-27 11:33:21,2026-05-27,current rolling 5y 2021-05-26..2026-05-25,UltimaTechnicalRetest/rolling5y_temporal_atr_sizing_lcb_risk_v2_020,C:\Work\Crypto_exchange\Results\UltimaTechnicalRetest\rolling5y_temporal_atr_sizing_lcb_risk_v2_020\RETRODATE_MARKET\2026-05-27_11-33-21_retrodate_market_v2,43816,2021-05-26T00:00:00+00:00,2026-05-25T23:00:00+00:00,7.179657960535549,12.78,1672,C:\Work\Crypto_exchange\Results\UltimaTechnicalRetest\rolling5y_temporal_atr_sizing_lcb_risk_v2_020\RETRODATE_MARKET\2026-05-27_11-33-21_retrodate_market_v2\analysis_report.md
2026-05-27 12:27:37,2026-05-27,current rolling 5y 2021-05-26..2026-05-25,UltimaTechnicalRetest/rolling5y_temporal_atr_sizing_lcb_context_deny_v3,C:\Work\Crypto_exchange\Results\UltimaTechnicalRetest\rolling5y_temporal_atr_sizing_lcb_context_deny_v3\RETRODATE_MARKET\2026-05-27_12-27-37_retrodate_market_v2,43816,2021-05-26T00:00:00+00:00,2026-05-25T23:00:00+00:00,15.633293993298263,6.27,1703,C:\Work\Crypto_exchange\Results\UltimaTechnicalRetest\rolling5y_temporal_atr_sizing_lcb_context_deny_v3\RETRODATE_MARKET\2026-05-27_12-27-37_retrodate_market_v2\analysis_report.md
