path,executed_years,bars_processed,first_timestamp,last_timestamp,reason
Results\GeneticsAgentAnalysis_20260604\adaptive_vs_prod_retro_2026_1200bar\RETRODATE_MARKET\2026-06-03_21-31-50_retrodate_market_v2\run_summary.json,[2026],1200,2026-01-01T00:00:00+00:00,2026-02-19T23:00:00+00:00,not_full_2022_2026
Results\GeneticsAgentAnalysis_20260604\adaptive_vs_prod_retro_2026_1200bar_position_meta\RETRODATE_MARKET\2026-06-03_21-35-17_retrodate_market_v2\run_summary.json,[2026],1200,2026-01-01T00:00:00+00:00,2026-02-19T23:00:00+00:00,not_full_2022_2026
Results\GeneticsAgentAnalysis_20260604\adaptive_vs_prod_retro_2026_600bar\RETRODATE_MARKET\2026-06-03_21-30-38_retrodate_market_v2\run_summary.json,[2026],600,2026-01-01T00:00:00+00:00,2026-01-25T23:00:00+00:00,not_full_2022_2026
Results\neiro_genetics\live_universe_oos_20260605\flash_gate_matrix_runs\baseline_reserve_cap\RETRODATE_MARKET\2026-06-05_02-30-05_retrodate_market_v2\run_summary.json,[2026],3312,2026-01-01T00:00:00+00:00,2026-05-18T23:00:00+00:00,not_full_2022_2026
Results\neiro_genetics\live_universe_oos_20260605\flash_gate_matrix_runs\symbol_only_anchor_base_fallback_min1_age24_shadow5\RETRODATE_MARKET\2026-06-05_02-37-53_retrodate_market_v2\run_summary.json,[2026],3312,2026-01-01T00:00:00+00:00,2026-05-18T23:00:00+00:00,not_full_2022_2026
Results\neiro_genetics\live_universe_oos_20260605\flash_gate_matrix_runs\symbol_only_anchor_min_score_2_5_age24_shadow5\RETRODATE_MARKET\2026-06-05_02-45-03_retrodate_market_v2\run_summary.json,[2026],3312,2026-01-01T00:00:00+00:00,2026-05-18T23:00:00+00:00,not_full_2022_2026
Results\neiro_genetics\live_universe_oos_20260605\mexc_overlay_matrix_runs_240\current_open1_daily1\RETRODATE_MARKET\2026-06-05_06-21-23_retrodate_market_v2\run_summary.json,[2026],240,2026-01-01T00:00:00+00:00,2026-01-10T23:00:00+00:00,not_full_2022_2026
Results\neiro_genetics\live_universe_oos_20260605\mexc_overlay_matrix_runs_240\expanded_open2_daily2\RETRODATE_MARKET\2026-06-05_06-24-36_retrodate_market_v2\run_summary.json,[2026],240,2026-01-01T00:00:00+00:00,2026-01-10T23:00:00+00:00,not_full_2022_2026
Results\neiro_genetics\live_universe_oos_20260605\mexc_overlay_matrix_runs_240\expanded_open2_daily3\RETRODATE_MARKET\2026-06-05_06-27-50_retrodate_market_v2\run_summary.json,[2026],240,2026-01-01T00:00:00+00:00,2026-01-10T23:00:00+00:00,not_full_2022_2026
Results\neiro_genetics\live_universe_oos_20260605\mexc_overlay_matrix_runs_240\expanded_open2_daily3_symbol_local\RETRODATE_MARKET\2026-06-05_06-31-02_retrodate_market_v2\run_summary.json,[2026],240,2026-01-01T00:00:00+00:00,2026-01-10T23:00:00+00:00,not_full_2022_2026
Results\neiro_genetics\live_universe_oos_20260605\mexc_overlay_matrix_smoke\RETRODATE_MARKET\2026-06-05_06-16-53_retrodate_market_v2\run_summary.json,[2026],50,2026-01-01T00:00:00+00:00,2026-01-03T01:00:00+00:00,not_full_2022_2026
Results\PanteonLegend_experiments_dynamic_memory_20260531_2026\baseline_top1_allowlist\RETRODATE_MARKET\2026-05-31_10-31-51_retrodate_market_v2\run_summary.json,[2026],3312,2026-01-01T00:00:00+00:00,2026-05-18T23:00:00+00:00,not_full_2022_2026
Results\PanteonLegend_experiments_dynamic_memory_20260531_2026\confirmed_current_gate_expanded\RETRODATE_MARKET\2026-05-31_10-37-37_retrodate_market_v2\run_summary.json,[2026],3312,2026-01-01T00:00:00+00:00,2026-05-18T23:00:00+00:00,not_full_2022_2026
Results\PanteonLegend_experiments_dynamic_memory_20260531_2026\expanded_allowlist_top1\RETRODATE_MARKET\2026-05-31_10-35-43_retrodate_market_v2\run_summary.json,[2026],3312,2026-01-01T00:00:00+00:00,2026-05-18T23:00:00+00:00,not_full_2022_2026
Results\PanteonLegend_experiments_dynamic_memory_20260531_2026\no_allowlist_top1\RETRODATE_MARKET\2026-05-31_10-33-45_retrodate_market_v2\run_summary.json,[2026],3312,2026-01-01T00:00:00+00:00,2026-05-18T23:00:00+00:00,not_full_2022_2026
Results\PanteonLegend_experiments_dynamic_memory_20260531_2026\soft_no_solo_gate_allowlist\RETRODATE_MARKET\2026-05-31_10-39-30_retrodate_market_v2\run_summary.json,[2026],3312,2026-01-01T00:00:00+00:00,2026-05-18T23:00:00+00:00,not_full_2022_2026
Results\PanteonLegend_experiments_dynamic_memory_20260531_2026\soft_no_solo_gate_no_allowlist\RETRODATE_MARKET\2026-05-31_10-41-25_retrodate_market_v2\run_summary.json,[2026],3312,2026-01-01T00:00:00+00:00,2026-05-18T23:00:00+00:00,not_full_2022_2026
Results\PanteonLegend_experiments_dynamic_memory_20260531_soft_dyn\soft_regime_top3_w144_m20_cap45_cash15_only_core_dyn_full2022_2026\RETRODATE_MARKET\2026-05-31_14-25-12_retrodate_market_v2\run_summary.json,[2022],2500,2022-01-01T00:00:00+00:00,2022-04-15T03:00:00+00:00,not_full_2022_2026
Results\PanteonLegend_experiments_dynamic_memory_20260531_soft_dyn\soft_regime_top3_w144_m20_cap45_cash15_only_positive_dyn_full2022_2026\RETRODATE_MARKET\2026-05-31_14-25-11_retrodate_market_v2\run_summary.json,[2022],2500,2022-01-01T00:00:00+00:00,2022-04-15T03:00:00+00:00,not_full_2022_2026
Results\PanteonLegend_experiments_dynamic_memory_20260531_soft_early_gate_probe\soft_regime_top3_w144_m20_cap45_cash15_only_core_dyn_early_full2022_2026\RETRODATE_MARKET\2026-05-31_15-03-22_retrodate_market_v2\run_summary.json,"[2022, 2023]",15350,2022-01-01T00:00:00+00:00,2023-10-02T14:00:00+00:00,not_full_2022_2026
Results\PanteonLegend_experiments_dynamic_memory_20260531_soft_exec\soft_regime_top3_w144_m20_cap45_cash15_full2022_2026\RETRODATE_MARKET\2026-05-31_11-32-56_retrodate_market_v2\run_summary.json,[2022],500,2022-01-01T00:00:00+00:00,2022-01-21T19:00:00+00:00,not_full_2022_2026
Results\PanteonLegend_experiments_dynamic_memory_20260531_soft_exec\soft_regime_top3_w144_m20_cap45_cash15_full2022_2026\RETRODATE_MARKET\2026-05-31_11-35-41_retrodate_market_v2\run_summary.json,[2022],2500,2022-01-01T00:00:00+00:00,2022-04-15T03:00:00+00:00,not_full_2022_2026
Results\PanteonLegend_experiments_dynamic_memory_20260531_soft_exec_nocashflat\soft_regime_top3_w144_m20_cap45_cash15_full2022_2026\RETRODATE_MARKET\2026-05-31_12-00-40_retrodate_market_v2\run_summary.json,[2022],2500,2022-01-01T00:00:00+00:00,2022-04-15T03:00:00+00:00,not_full_2022_2026
Results\PanteonLegend_experiments_dynamic_memory_20260531_soft_only\soft_regime_top3_w144_m20_cap45_cash15_only_full2022_2026\RETRODATE_MARKET\2026-05-31_12-27-09_retrodate_market_v2\run_summary.json,[2022],500,2022-01-01T00:00:00+00:00,2022-01-21T19:00:00+00:00,not_full_2022_2026
Results\PanteonLegend_experiments_dynamic_memory_20260531_soft_only\soft_regime_top3_w144_m20_cap45_cash15_only_full2022_2026\RETRODATE_MARKET\2026-05-31_12-29-17_retrodate_market_v2\run_summary.json,[2022],2500,2022-01-01T00:00:00+00:00,2022-04-15T03:00:00+00:00,not_full_2022_2026
Results\PanteonLegend_experiments_dynamic_memory_20260531_soft_only_core\soft_regime_top3_w144_m20_cap45_cash15_only_core_full2022_2026\RETRODATE_MARKET\2026-05-31_13-53-04_retrodate_market_v2\run_summary.json,[2022],2500,2022-01-01T00:00:00+00:00,2022-04-15T03:00:00+00:00,not_full_2022_2026
Results\PanteonLegend_experiments_dynamic_memory_20260531_soft_only_positive\soft_regime_top3_w144_m20_cap45_cash15_only_positive_full2022_2026\RETRODATE_MARKET\2026-05-31_12-55-36_retrodate_market_v2\run_summary.json,[2022],2500,2022-01-01T00:00:00+00:00,2022-04-15T03:00:00+00:00,not_full_2022_2026
Results\PanteonLegend_experiments_dynamic_memory_20260531_soft_only_positive_hard\soft_regime_top3_w144_m20_cap45_cash15_only_positive_full2022_2026\RETRODATE_MARKET\2026-05-31_13-34-15_retrodate_market_v2\run_summary.json,[2022],2500,2022-01-01T00:00:00+00:00,2022-04-15T03:00:00+00:00,not_full_2022_2026
Results\PanteonLegend_experiments_dynamic_memory_20260531_soft_only_top1\soft_regime_top1_w24_m50_only_full2022_2026\RETRODATE_MARKET\2026-05-31_12-51-36_retrodate_market_v2\run_summary.json,[2022],2500,2022-01-01T00:00:00+00:00,2022-04-15T03:00:00+00:00,not_full_2022_2026
Results\PanteonLegend_latest_build_20260531_nooptional_smoke\soft_regime_top3_w144_m20_cap45_cash15_only_core_symbol_gate_dyn_full2022_2026\RETRODATE_MARKET\2026-05-31_18-34-58_retrodate_market_v2\run_summary.json,[2022],100,2022-01-01T00:00:00+00:00,2022-01-05T03:00:00+00:00,not_full_2022_2026
Results\PanteonLegend_latest_build_20260531_optional_core_smoke\soft_regime_top3_w144_m20_cap45_cash15_only_core_symbol_gate_dyn_full2022_2026\RETRODATE_MARKET\2026-05-31_18-32-07_retrodate_market_v2\run_summary.json,[2022],100,2022-01-01T00:00:00+00:00,2022-01-05T03:00:00+00:00,not_full_2022_2026
Results\PanteonLegend_latest_build_20260531_optional_smoke\soft_regime_top3_w144_m20_cap45_cash15_only_core_symbol_gate_dyn_full2022_2026\RETRODATE_MARKET\2026-05-31_18-29-07_retrodate_market_v2\run_summary.json,[2022],100,2022-01-01T00:00:00+00:00,2022-01-05T03:00:00+00:00,not_full_2022_2026
Results\PanteonLegend_latest_build_20260601_top1_24_confirmed_genetics_smoke\soft_regime_top1_24_confirmed_only_full2022_2026\RETRODATE_MARKET\2026-06-01_06-04-35_retrodate_market_v2\run_summary.json,[2022],100,2022-01-01T00:00:00+00:00,2022-01-05T03:00:00+00:00,not_full_2022_2026
Results\PanteonLegend_latest_build_20260601_top1_24_genetics_smoke\soft_regime_top1_24_only_full2022_2026\RETRODATE_MARKET\2026-06-01_06-04-36_retrodate_market_v2\run_summary.json,[2022],100,2022-01-01T00:00:00+00:00,2022-01-05T03:00:00+00:00,not_full_2022_2026
Results\PanteonLegend_latest_build_20260605_assembled_agents_smoke\soft_regime_top1_24_confirmed_only_full2022_2026\RETRODATE_MARKET\2026-06-05_10-07-39_retrodate_market_v2\run_summary.json,[2022],100,2022-01-01T00:00:00+00:00,2022-01-05T03:00:00+00:00,not_full_2022_2026
Results\PanteonLegend_latest_dynamic_memory_20260531_smoke_core\RETRODATE_MARKET\2026-05-31_09-24-27_retrodate_market_v2\run_summary.json,[2022],100,2022-01-01T00:00:00+00:00,2022-01-05T03:00:00+00:00,not_full_2022_2026
Results\PanteonLegend_parallel_shadow_smoke_20260605\soft_regime_top1_24_confirmed_only_parallel_shadow_full2022_2026\RETRODATE_MARKET\2026-06-05_12-26-00_parallel_shadow_v2\run_summary.json,[2022],80,2022-01-01T00:00:00+00:00,2022-01-04T07:00:00+00:00,not_full_2022_2026
Results\PanteonLegend_parallel_shadow_smoke_20260605\soft_regime_top1_24_confirmed_only_parallel_shadow_full2022_2026\SHARDS\2026-06-05_12-22-49\agent_shard_01\soft_regime_top1_24_confirmed_only_full2022_2026\RETRODATE_MARKET\2026-06-05_12-25-15_retrodate_market_v2\run_summary.json,[2022],80,2022-01-01T00:00:00+00:00,2022-01-04T07:00:00+00:00,not_full_2022_2026
Results\PanteonLegend_parallel_shadow_smoke_20260605\soft_regime_top1_24_confirmed_only_parallel_shadow_full2022_2026\SHARDS\2026-06-05_12-22-49\player_shard_01\soft_regime_top1_24_confirmed_only_full2022_2026\RETRODATE_MARKET\2026-06-05_12-25-14_retrodate_market_v2\run_summary.json,[2022],80,2022-01-01T00:00:00+00:00,2022-01-04T07:00:00+00:00,not_full_2022_2026
Results\PanteonLegend_parallel_shadow_smoke_20260605\soft_regime_top1_24_confirmed_only_parallel_shadow_full2022_2026\SHARDS\2026-06-05_12-22-49\player_shard_02\soft_regime_top1_24_confirmed_only_full2022_2026\RETRODATE_MARKET\2026-06-05_12-25-15_retrodate_market_v2\run_summary.json,[2022],80,2022-01-01T00:00:00+00:00,2022-01-04T07:00:00+00:00,not_full_2022_2026
Results\PanteonLegend_perf_probe_cached_first\soft_regime_top1_24_confirmed_only_full2022_2026\RETRODATE_MARKET\2026-06-06_23-47-42_retrodate_market_v2\run_summary.json,[2022],240,2022-01-01T00:00:00+00:00,2022-01-10T23:00:00+00:00,not_full_2022_2026
Results\PanteonLegend_perf_probe_cached_second\soft_regime_top1_24_confirmed_only_full2022_2026\RETRODATE_MARKET\2026-06-06_23-47-57_retrodate_market_v2\run_summary.json,[2022],240,2022-01-01T00:00:00+00:00,2022-01-10T23:00:00+00:00,not_full_2022_2026
Results\PanteonLegend_perf_probe_proc\soft_regime_top1_24_confirmed_only_parallel_shadow_full2022_2026\RETRODATE_MARKET\2026-06-06_23-38-07_parallel_shadow_v2\run_summary.json,[2022],240,2022-01-01T00:00:00+00:00,2022-01-10T23:00:00+00:00,not_full_2022_2026
Results\PanteonLegend_perf_probe_proc\soft_regime_top1_24_confirmed_only_parallel_shadow_full2022_2026\SHARDS\2026-06-06_23-35-47\agent_shard_01\soft_regime_top1_24_confirmed_only_full2022_2026\RETRODATE_MARKET\2026-06-06_23-37-35_retrodate_market_v2\run_summary.json,[2022],240,2022-01-01T00:00:00+00:00,2022-01-10T23:00:00+00:00,not_full_2022_2026
Results\PanteonLegend_perf_probe_proc\soft_regime_top1_24_confirmed_only_parallel_shadow_full2022_2026\SHARDS\2026-06-06_23-35-47\player_shard_01\soft_regime_top1_24_confirmed_only_full2022_2026\RETRODATE_MARKET\2026-06-06_23-37-33_retrodate_market_v2\run_summary.json,[2022],240,2022-01-01T00:00:00+00:00,2022-01-10T23:00:00+00:00,not_full_2022_2026
Results\PanteonLegend_perf_probe_proc\soft_regime_top1_24_confirmed_only_parallel_shadow_full2022_2026\SHARDS\2026-06-06_23-35-47\player_shard_02\soft_regime_top1_24_confirmed_only_full2022_2026\RETRODATE_MARKET\2026-06-06_23-37-34_retrodate_market_v2\run_summary.json,[2022],240,2022-01-01T00:00:00+00:00,2022-01-10T23:00:00+00:00,not_full_2022_2026
Results\PanteonLegend_perf_probe_proc\soft_regime_top1_24_confirmed_only_parallel_shadow_full2022_2026\SHARDS\2026-06-06_23-35-47\player_shard_03\soft_regime_top1_24_confirmed_only_full2022_2026\RETRODATE_MARKET\2026-06-06_23-37-34_retrodate_market_v2\run_summary.json,[2022],240,2022-01-01T00:00:00+00:00,2022-01-10T23:00:00+00:00,not_full_2022_2026
Results\PanteonLegend_perf_probe_seq\soft_regime_top1_24_confirmed_only_full2022_2026\RETRODATE_MARKET\2026-06-06_23-32-40_retrodate_market_v2\run_summary.json,[2022],240,2022-01-01T00:00:00+00:00,2022-01-10T23:00:00+00:00,not_full_2022_2026
Results\PanteonLegend_perf_probe_thread\soft_regime_top1_24_confirmed_only_full2022_2026\RETRODATE_MARKET\2026-06-06_23-35-00_retrodate_market_v2\run_summary.json,[2022],240,2022-01-01T00:00:00+00:00,2022-01-10T23:00:00+00:00,not_full_2022_2026
Results\PanteonLegend_perf_profile_seq\soft_regime_top1_24_confirmed_only_full2022_2026\RETRODATE_MARKET\2026-06-06_23-42-15_retrodate_market_v2\run_summary.json,[2022],60,2022-01-01T00:00:00+00:00,2022-01-03T11:00:00+00:00,not_full_2022_2026
Results\PanteonLegend_thread_parallel_bench_p8_20260605\soft_regime_top1_24_confirmed_only_full2022_2026\RETRODATE_MARKET\2026-06-05_12-37-38_retrodate_market_v2\run_summary.json,[2022],40,2022-01-01T00:00:00+00:00,2022-01-02T15:00:00+00:00,not_full_2022_2026
Results\PanteonLegend_thread_parallel_bench_seq_20260605\soft_regime_top1_24_confirmed_only_full2022_2026\RETRODATE_MARKET\2026-06-05_12-33-36_retrodate_market_v2\run_summary.json,[2022],40,2022-01-01T00:00:00+00:00,2022-01-02T15:00:00+00:00,not_full_2022_2026
