run_datetime,run_date,version_label,output_dir,bars_processed,panteon_pnl_pct,panteon_pnl_usd,panteon_max_dd_pct,panteon_realized_max_dd_pct,selected_signals,filled_signals,closed_trades,best_component,best_component_type,best_component_pnl_pct,best_component_pnl_usd,panteon_alpha_pct,beats_best_component,initial_capital,risk_capital_fraction,flash_min_score_to_trade,flash_max_signals_per_actor,flash_denied_signal_keys_count,flash_selected_subset_score_boosts_count,analysis_report,run_order,best_so_far_pnl_pct
2026-05-31 09:26:32,2026-05-31,PanteonLegend_latest_dynamic_memory_20260531_full2022_2026,C:\Work\Crypto_exchange\Results\PanteonLegend_latest_dynamic_memory_20260531_full2022_2026\RETRODATE_MARKET\2026-05-31_09-26-32_retrodate_market_v2,38375,-23.82130648545424,-238.2130648545424,26.17,26.17,0,0,0,Legend_BearDefense,player,53.796319556415504,537.9631955641551,-77.61762604186974,False,1000.0,0.1,0.0,0,0,0,C:\Work\Crypto_exchange\Results\PanteonLegend_latest_dynamic_memory_20260531_full2022_2026\RETRODATE_MARKET\2026-05-31_09-26-32_retrodate_market_v2\analysis_report.md,1,-23.82130648545424
2026-05-31 10:46:24,2026-05-31,PanteonLegend_experiments_dynamic_memory_20260531_full/confirmed_current_gate_expanded_full2022_2026,C:\Work\Crypto_exchange\Results\PanteonLegend_experiments_dynamic_memory_20260531_full\confirmed_current_gate_expanded_full2022_2026\RETRODATE_MARKET\2026-05-31_10-46-24_retrodate_market_v2,38375,-30.897736997456356,-308.97736997456354,30.9,30.9,0,0,0,Legend_BearDefense,player,53.796319556415504,537.9631955641551,-84.69405655387186,False,1000.0,0.1,0.0,0,0,0,C:\Work\Crypto_exchange\Results\PanteonLegend_experiments_dynamic_memory_20260531_full\confirmed_current_gate_expanded_full2022_2026\RETRODATE_MARKET\2026-05-31_10-46-24_retrodate_market_v2\analysis_report.md,2,-23.82130648545424
2026-05-31 11:38:31,2026-05-31,PanteonLegend_experiments_dynamic_memory_20260531_soft_exec_full/soft_regime_top3_w144_m20_cap45_cash15_full2022_2026,C:\Work\Crypto_exchange\Results\PanteonLegend_experiments_dynamic_memory_20260531_soft_exec_full\soft_regime_top3_w144_m20_cap45_cash15_full2022_2026\RETRODATE_MARKET\2026-05-31_11-38-31_retrodate_market_v2,38375,-89.85075575616497,-898.5075575616497,89.85,89.85,0,0,0,Legend_BearDefense,player,53.796319556415504,537.9631955641551,-143.64707531258048,False,1000.0,0.1,0.0,0,0,0,C:\Work\Crypto_exchange\Results\PanteonLegend_experiments_dynamic_memory_20260531_soft_exec_full\soft_regime_top3_w144_m20_cap45_cash15_full2022_2026\RETRODATE_MARKET\2026-05-31_11-38-31_retrodate_market_v2\analysis_report.md,3,-23.82130648545424
2026-05-31 12:03:14,2026-05-31,PanteonLegend_experiments_dynamic_memory_20260531_soft_exec_nocashflat_full/soft_regime_top3_w144_m20_cap45_cash15_full2022_2026,C:\Work\Crypto_exchange\Results\PanteonLegend_experiments_dynamic_memory_20260531_soft_exec_nocashflat_full\soft_regime_top3_w144_m20_cap45_cash15_full2022_2026\RETRODATE_MARKET\2026-05-31_12-03-14_retrodate_market_v2,38375,-75.78454746291847,-757.8454746291848,75.78,75.78,0,0,0,Legend_BearDefense,player,53.796319556415504,537.9631955641551,-129.58086701933397,False,1000.0,0.1,0.0,0,0,0,C:\Work\Crypto_exchange\Results\PanteonLegend_experiments_dynamic_memory_20260531_soft_exec_nocashflat_full\soft_regime_top3_w144_m20_cap45_cash15_full2022_2026\RETRODATE_MARKET\2026-05-31_12-03-14_retrodate_market_v2\analysis_report.md,4,-23.82130648545424
2026-05-31 12:32:01,2026-05-31,PanteonLegend_experiments_dynamic_memory_20260531_soft_only_full/soft_regime_top3_w144_m20_cap45_cash15_only_full2022_2026,C:\Work\Crypto_exchange\Results\PanteonLegend_experiments_dynamic_memory_20260531_soft_only_full\soft_regime_top3_w144_m20_cap45_cash15_only_full2022_2026\RETRODATE_MARKET\2026-05-31_12-32-01_retrodate_market_v2,38375,-2.200558352476078,-22.005583524760784,17.42,17.42,0,0,0,Legend_BearDefense,player,53.796319556415504,537.9631955641551,-55.996877908891584,False,1000.0,0.1,0.0,0,0,0,C:\Work\Crypto_exchange\Results\PanteonLegend_experiments_dynamic_memory_20260531_soft_only_full\soft_regime_top3_w144_m20_cap45_cash15_only_full2022_2026\RETRODATE_MARKET\2026-05-31_12-32-01_retrodate_market_v2\analysis_report.md,5,-2.200558352476078
2026-05-31 12:58:18,2026-05-31,PanteonLegend_experiments_dynamic_memory_20260531_soft_only_positive_full/soft_regime_top3_w144_m20_cap45_cash15_only_positive_full2022_2026,C:\Work\Crypto_exchange\Results\PanteonLegend_experiments_dynamic_memory_20260531_soft_only_positive_full\soft_regime_top3_w144_m20_cap45_cash15_only_positive_full2022_2026\RETRODATE_MARKET\2026-05-31_12-58-18_retrodate_market_v2,38375,-2.200558352476078,-22.005583524760784,17.42,17.42,0,0,0,Legend_BearDefense,player,53.796319556415504,537.9631955641551,-55.996877908891584,False,1000.0,0.1,0.0,0,0,0,C:\Work\Crypto_exchange\Results\PanteonLegend_experiments_dynamic_memory_20260531_soft_only_positive_full\soft_regime_top3_w144_m20_cap45_cash15_only_positive_full2022_2026\RETRODATE_MARKET\2026-05-31_12-58-18_retrodate_market_v2\analysis_report.md,6,-2.200558352476078
2026-05-31 13:36:54,2026-05-31,PanteonLegend_experiments_dynamic_memory_20260531_soft_only_positive_hard_full/soft_regime_top3_w144_m20_cap45_cash15_only_positive_full2022_2026,C:\Work\Crypto_exchange\Results\PanteonLegend_experiments_dynamic_memory_20260531_soft_only_positive_hard_full\soft_regime_top3_w144_m20_cap45_cash15_only_positive_full2022_2026\RETRODATE_MARKET\2026-05-31_13-36-54_retrodate_market_v2,38375,11.610430704591861,116.1043070459186,17.74,17.74,0,0,0,Legend_BearDefense,player,53.796319556415504,537.9631955641551,-42.18588885182364,False,1000.0,0.1,0.0,0,0,0,C:\Work\Crypto_exchange\Results\PanteonLegend_experiments_dynamic_memory_20260531_soft_only_positive_hard_full\soft_regime_top3_w144_m20_cap45_cash15_only_positive_full2022_2026\RETRODATE_MARKET\2026-05-31_13-36-54_retrodate_market_v2\analysis_report.md,7,11.610430704591861
2026-05-31 13:55:44,2026-05-31,PanteonLegend_experiments_dynamic_memory_20260531_soft_only_core_full/soft_regime_top3_w144_m20_cap45_cash15_only_core_full2022_2026,C:\Work\Crypto_exchange\Results\PanteonLegend_experiments_dynamic_memory_20260531_soft_only_core_full\soft_regime_top3_w144_m20_cap45_cash15_only_core_full2022_2026\RETRODATE_MARKET\2026-05-31_13-55-44_retrodate_market_v2,38375,22.957126729819443,229.57126729819444,10.55,10.55,0,0,0,Legend_BearDefense,player,53.796319556415504,537.9631955641551,-30.83919282659606,False,1000.0,0.1,0.0,0,0,0,C:\Work\Crypto_exchange\Results\PanteonLegend_experiments_dynamic_memory_20260531_soft_only_core_full\soft_regime_top3_w144_m20_cap45_cash15_only_core_full2022_2026\RETRODATE_MARKET\2026-05-31_13-55-44_retrodate_market_v2\analysis_report.md,8,22.957126729819443
2026-05-31 14:27:57,2026-05-31,PanteonLegend_experiments_dynamic_memory_20260531_soft_dyn_core_full/soft_regime_top3_w144_m20_cap45_cash15_only_core_dyn_full2022_2026,C:\Work\Crypto_exchange\Results\PanteonLegend_experiments_dynamic_memory_20260531_soft_dyn_core_full\soft_regime_top3_w144_m20_cap45_cash15_only_core_dyn_full2022_2026\RETRODATE_MARKET\2026-05-31_14-27-57_retrodate_market_v2,38375,18.963509657147668,189.63509657147668,13.47,13.47,0,0,0,Legend_BearDefense,player,53.796319556415504,537.9631955641551,-34.832809899267836,False,1000.0,0.1,0.0,0,0,0,C:\Work\Crypto_exchange\Results\PanteonLegend_experiments_dynamic_memory_20260531_soft_dyn_core_full\soft_regime_top3_w144_m20_cap45_cash15_only_core_dyn_full2022_2026\RETRODATE_MARKET\2026-05-31_14-27-57_retrodate_market_v2\analysis_report.md,9,22.957126729819443
2026-05-31 14:46:58,2026-05-31,PanteonLegend_experiments_dynamic_memory_20260531_soft_fast_core_full/soft_regime_top1_w48_m8_cap100_cash0_only_core_full2022_2026,C:\Work\Crypto_exchange\Results\PanteonLegend_experiments_dynamic_memory_20260531_soft_fast_core_full\soft_regime_top1_w48_m8_cap100_cash0_only_core_full2022_2026\RETRODATE_MARKET\2026-05-31_14-46-58_retrodate_market_v2,38375,14.247722588217137,142.47722588217138,43.4,43.4,0,0,0,Legend_BearDefense,player,53.796319556415504,537.9631955641551,-39.54859696819837,False,1000.0,0.1,0.0,0,0,0,C:\Work\Crypto_exchange\Results\PanteonLegend_experiments_dynamic_memory_20260531_soft_fast_core_full\soft_regime_top1_w48_m8_cap100_cash0_only_core_full2022_2026\RETRODATE_MARKET\2026-05-31_14-46-58_retrodate_market_v2\analysis_report.md,10,22.957126729819443
2026-05-31 14:46:59,2026-05-31,PanteonLegend_experiments_dynamic_memory_20260531_soft_fast_core_full/soft_regime_top2_w72_m10_cap55_cash10_only_core_full2022_2026,C:\Work\Crypto_exchange\Results\PanteonLegend_experiments_dynamic_memory_20260531_soft_fast_core_full\soft_regime_top2_w72_m10_cap55_cash10_only_core_full2022_2026\RETRODATE_MARKET\2026-05-31_14-46-59_retrodate_market_v2,38375,4.909312594172328,49.09312594172329,23.01,23.01,0,0,0,Legend_BearDefense,player,53.796319556415504,537.9631955641551,-48.88700696224318,False,1000.0,0.1,0.0,0,0,0,C:\Work\Crypto_exchange\Results\PanteonLegend_experiments_dynamic_memory_20260531_soft_fast_core_full\soft_regime_top2_w72_m10_cap55_cash10_only_core_full2022_2026\RETRODATE_MARKET\2026-05-31_14-46-59_retrodate_market_v2\analysis_report.md,11,22.957126729819443
2026-05-31 15:14:44,2026-05-31,PanteonLegend_experiments_dynamic_memory_20260531_soft_symbol_gate_core_full/soft_regime_top3_w144_m20_cap45_cash15_only_core_symbol_gate_full2022_2026,C:\Work\Crypto_exchange\Results\PanteonLegend_experiments_dynamic_memory_20260531_soft_symbol_gate_core_full\soft_regime_top3_w144_m20_cap45_cash15_only_core_symbol_gate_full2022_2026\RETRODATE_MARKET\2026-05-31_15-14-44_retrodate_market_v2,38375,40.71165802016562,407.11658020165623,4.42,4.42,0,0,0,Legend_BearDefense,player,53.796319556415504,537.9631955641551,-13.084661536249882,False,1000.0,0.1,0.0,0,0,0,C:\Work\Crypto_exchange\Results\PanteonLegend_experiments_dynamic_memory_20260531_soft_symbol_gate_core_full\soft_regime_top3_w144_m20_cap45_cash15_only_core_symbol_gate_full2022_2026\RETRODATE_MARKET\2026-05-31_15-14-44_retrodate_market_v2\analysis_report.md,12,40.71165802016562
2026-05-31 18:37:48,2026-05-31,PanteonLegend_latest_build_20260531_symbol_gate_dyn_genetics_full/soft_regime_top3_w144_m20_cap45_cash15_only_core_symbol_gate_dyn_full2022_2026,C:\Work\Crypto_exchange\Results\PanteonLegend_latest_build_20260531_symbol_gate_dyn_genetics_full\soft_regime_top3_w144_m20_cap45_cash15_only_core_symbol_gate_dyn_full2022_2026\RETRODATE_MARKET\2026-05-31_18-37-48_retrodate_market_v2,38375,-10.124519267446587,-101.24519267446587,26.31,26.31,0,0,0,GeneticsBullish,agent,60.87710602142698,608.7710602142698,-71.00162528887357,False,1000.0,0.1,0.0,0,0,0,C:\Work\Crypto_exchange\Results\PanteonLegend_latest_build_20260531_symbol_gate_dyn_genetics_full\soft_regime_top3_w144_m20_cap45_cash15_only_core_symbol_gate_dyn_full2022_2026\RETRODATE_MARKET\2026-05-31_18-37-48_retrodate_market_v2\analysis_report.md,13,40.71165802016562
2026-06-01 09:26:27,2026-06-01,PanteonLegend_latest_build_20260601_top1_24_genetics_full_seq/soft_regime_top1_24_only_full2022_2026,C:\Work\Crypto_exchange\Results\PanteonLegend_latest_build_20260601_top1_24_genetics_full_seq\soft_regime_top1_24_only_full2022_2026\RETRODATE_MARKET\2026-06-01_09-26-27_retrodate_market_v2,38375,-34.807896549967175,-348.07896549967177,74.02,74.02,0,0,0,GeneticsBullish,agent,60.87710602142698,608.7710602142698,-95.68500257139416,False,1000.0,0.1,0.0,0,0,0,C:\Work\Crypto_exchange\Results\PanteonLegend_latest_build_20260601_top1_24_genetics_full_seq\soft_regime_top1_24_only_full2022_2026\RETRODATE_MARKET\2026-06-01_09-26-27_retrodate_market_v2\analysis_report.md,14,40.71165802016562
2026-06-01 20:58:43,2026-06-01,PanteonLegend_latest_build_20260601_top1_24_confirmed_genetics_full_seq/soft_regime_top1_24_confirmed_only_full2022_2026,C:\Work\Crypto_exchange\Results\PanteonLegend_latest_build_20260601_top1_24_confirmed_genetics_full_seq\soft_regime_top1_24_confirmed_only_full2022_2026\RETRODATE_MARKET\2026-06-01_20-58-43_retrodate_market_v2,38375,25.339480821337784,253.39480821337784,39.58,39.58,0,0,0,GeneticsBullish,agent,60.87710602142698,608.7710602142698,-35.537625200089195,False,1000.0,0.1,0.0,0,0,0,C:\Work\Crypto_exchange\Results\PanteonLegend_latest_build_20260601_top1_24_confirmed_genetics_full_seq\soft_regime_top1_24_confirmed_only_full2022_2026\RETRODATE_MARKET\2026-06-01_20-58-43_retrodate_market_v2\analysis_report.md,15,40.71165802016562
2026-06-05 22:40:27,2026-06-05,PanteonLegend_latest_build_20260606_assembled_agents_full_clonefix/soft_regime_top1_24_confirmed_only_full2022_2026,C:\Work\Crypto_exchange\Results\PanteonLegend_latest_build_20260606_assembled_agents_full_clonefix\soft_regime_top1_24_confirmed_only_full2022_2026\RETRODATE_MARKET\2026-06-05_22-40-27_retrodate_market_v2,38375,45.96649616114076,459.66496161140765,54.24,3.29,0,0,0,RichardDennis,agent,30.762431860403566,307.62431860403564,15.204064300737194,True,1000.0,0.1,0.0,0,0,0,C:\Work\Crypto_exchange\Results\PanteonLegend_latest_build_20260606_assembled_agents_full_clonefix\soft_regime_top1_24_confirmed_only_full2022_2026\RETRODATE_MARKET\2026-06-05_22-40-27_retrodate_market_v2\analysis_report.md,16,45.96649616114076
2026-06-06 23:50:48,2026-06-06,PanteonLegend_latest_build_20260607_perf_optimized/soft_regime_top1_24_confirmed_only_full2022_2026,C:\Work\Crypto_exchange\Results\PanteonLegend_latest_build_20260607_perf_optimized\soft_regime_top1_24_confirmed_only_full2022_2026\RETRODATE_MARKET\2026-06-06_23-50-48_retrodate_market_v2,38375,-31.24228288074267,-312.4228288074267,83.17,17.6,0,0,0,RichardDennis,agent,30.762431860403566,307.62431860403564,-62.00471474114624,False,1000.0,0.1,0.0,0,0,0,C:\Work\Crypto_exchange\Results\PanteonLegend_latest_build_20260607_perf_optimized\soft_regime_top1_24_confirmed_only_full2022_2026\RETRODATE_MARKET\2026-06-06_23-50-48_retrodate_market_v2\analysis_report.md,17,45.96649616114076
