run_datetime,run_date,period_class,executed_years,bars_processed,scale_factor_to_full_window,first_timestamp,last_timestamp,panteon_pnl_pct_raw,panteon_pnl_pct_scaled_to_full_window,panteon_max_dd_pct_raw,version_label,output_dir,run_summary,analysis_report
2026-05-17 08:14:01,2026-05-17,2022-2025 legacy scaled,"2022,2023,2024,2025",35063,1.0944585460456893,2022-01-01T00:00:00+00:00,2025-12-31T23:00:00+00:00,-7.35,-8.01570363133628,,RetrodateMarket,C:\Work\Crypto_exchange\Results\RetrodateMarket\RETRODATE_MARKET\2026-05-17_08-14-01_retrodate_market_v2,Results\RetrodateMarket\RETRODATE_MARKET\2026-05-17_08-14-01_retrodate_market_v2\run_summary.json,C:\Work\Crypto_exchange\Results\RetrodateMarket\RETRODATE_MARKET\2026-05-17_08-14-01_retrodate_market_v2\analysis_report.md
2026-05-17 08:57:24,2026-05-17,2022-2025 legacy scaled,"2022,2023,2024,2025",35063,1.0944585460456893,2022-01-01T00:00:00+00:00,2025-12-31T23:00:00+00:00,-30.91,-33.28145213616301,,RetrodateMarket,C:\Work\Crypto_exchange\Results\RetrodateMarket\RETRODATE_MARKET\2026-05-17_08-57-24_retrodate_market_v2,Results\RetrodateMarket\RETRODATE_MARKET\2026-05-17_08-57-24_retrodate_market_v2\run_summary.json,C:\Work\Crypto_exchange\Results\RetrodateMarket\RETRODATE_MARKET\2026-05-17_08-57-24_retrodate_market_v2\analysis_report.md
2026-05-17 09:34:03,2026-05-17,2022-2025 legacy scaled,"2022,2023,2024,2025",35063,1.0944585460456893,2022-01-01T00:00:00+00:00,2025-12-31T23:00:00+00:00,-16.25,-17.641188009927976,,RetrodateMarket,C:\Work\Crypto_exchange\Results\RetrodateMarket\RETRODATE_MARKET\2026-05-17_09-34-03_retrodate_market_v2,Results\RetrodateMarket\RETRODATE_MARKET\2026-05-17_09-34-03_retrodate_market_v2\run_summary.json,C:\Work\Crypto_exchange\Results\RetrodateMarket\RETRODATE_MARKET\2026-05-17_09-34-03_retrodate_market_v2\analysis_report.md
2026-05-17 11:11:19,2026-05-17,2022-2025 legacy scaled,"2022,2023,2024,2025",35063,1.0944585460456893,2022-01-01T00:00:00+00:00,2025-12-31T23:00:00+00:00,-5.96,-6.504271610528645,,RetrodateMarket,C:\Work\Crypto_exchange\Results\RetrodateMarket\RETRODATE_MARKET\2026-05-17_11-11-19_retrodate_market_v2,Results\RetrodateMarket\RETRODATE_MARKET\2026-05-17_11-11-19_retrodate_market_v2\run_summary.json,C:\Work\Crypto_exchange\Results\RetrodateMarket\RETRODATE_MARKET\2026-05-17_11-11-19_retrodate_market_v2\analysis_report.md
2026-05-17 11:32:51,2026-05-17,2022-2025 legacy scaled,"2022,2023,2024,2025",35063,1.0944585460456893,2022-01-01T00:00:00+00:00,2025-12-31T23:00:00+00:00,-4.84,-5.28488945771347,,RetrodateMarket,C:\Work\Crypto_exchange\Results\RetrodateMarket\RETRODATE_MARKET\2026-05-17_11-32-51_retrodate_market_v2,Results\RetrodateMarket\RETRODATE_MARKET\2026-05-17_11-32-51_retrodate_market_v2\run_summary.json,C:\Work\Crypto_exchange\Results\RetrodateMarket\RETRODATE_MARKET\2026-05-17_11-32-51_retrodate_market_v2\analysis_report.md
2026-05-17 12:00:14,2026-05-17,2022-2025 legacy scaled,"2022,2023,2024,2025",35063,1.0944585460456893,2022-01-01T00:00:00+00:00,2025-12-31T23:00:00+00:00,-1.0,-1.0939400734920612,,RetrodateMarket,C:\Work\Crypto_exchange\Results\RetrodateMarket\RETRODATE_MARKET\2026-05-17_12-00-14_retrodate_market_v2,Results\RetrodateMarket\RETRODATE_MARKET\2026-05-17_12-00-14_retrodate_market_v2\run_summary.json,C:\Work\Crypto_exchange\Results\RetrodateMarket\RETRODATE_MARKET\2026-05-17_12-00-14_retrodate_market_v2\analysis_report.md
2026-05-17 12:46:13,2026-05-17,2022-2025 legacy scaled,"2022,2023,2024,2025",35063,1.0944585460456893,2022-01-01T00:00:00+00:00,2025-12-31T23:00:00+00:00,-5.48,-5.981846282384639,,RetrodateMarket,C:\Work\Crypto_exchange\Results\RetrodateMarket\RETRODATE_MARKET\2026-05-17_12-46-13_retrodate_market_v2,Results\RetrodateMarket\RETRODATE_MARKET\2026-05-17_12-46-13_retrodate_market_v2\run_summary.json,C:\Work\Crypto_exchange\Results\RetrodateMarket\RETRODATE_MARKET\2026-05-17_12-46-13_retrodate_market_v2\analysis_report.md
2026-05-17 14:14:04,2026-05-17,2022-2025 legacy scaled,"2022,2023,2024,2025",35063,1.0944585460456893,2022-01-01T00:00:00+00:00,2025-12-31T23:00:00+00:00,10.42,11.45869914013604,,RetrodateMarket,C:\Work\Crypto_exchange\Results\RetrodateMarket\RETRODATE_MARKET\2026-05-17_14-14-04_retrodate_market_v2,Results\RetrodateMarket\RETRODATE_MARKET\2026-05-17_14-14-04_retrodate_market_v2\run_summary.json,C:\Work\Crypto_exchange\Results\RetrodateMarket\RETRODATE_MARKET\2026-05-17_14-14-04_retrodate_market_v2\analysis_report.md
2026-05-17 14:44:47,2026-05-17,2022-2025 legacy scaled,"2022,2023,2024,2025",35063,1.0944585460456893,2022-01-01T00:00:00+00:00,2025-12-31T23:00:00+00:00,-15.43,-16.75823291265295,17.17,RetrodateMarket,C:\Work\Crypto_exchange\Results\RetrodateMarket\RETRODATE_MARKET\2026-05-17_14-44-47_retrodate_market_v2,Results\RetrodateMarket\RETRODATE_MARKET\2026-05-17_14-44-47_retrodate_market_v2\run_summary.json,C:\Work\Crypto_exchange\Results\RetrodateMarket\RETRODATE_MARKET\2026-05-17_14-44-47_retrodate_market_v2\analysis_report.md
2026-05-17 15:04:51,2026-05-17,2022-2025 legacy scaled,"2022,2023,2024,2025",35063,1.0944585460456893,2022-01-01T00:00:00+00:00,2025-12-31T23:00:00+00:00,-11.6,-12.623584614568317,13.53,RetrodateMarket,C:\Work\Crypto_exchange\Results\RetrodateMarket\RETRODATE_MARKET\2026-05-17_15-04-51_retrodate_market_v2,Results\RetrodateMarket\RETRODATE_MARKET\2026-05-17_15-04-51_retrodate_market_v2\run_summary.json,C:\Work\Crypto_exchange\Results\RetrodateMarket\RETRODATE_MARKET\2026-05-17_15-04-51_retrodate_market_v2\analysis_report.md
2026-05-17 15:22:03,2026-05-17,2022-2025 legacy scaled,"2022,2023,2024,2025",35063,1.0944585460456893,2022-01-01T00:00:00+00:00,2025-12-31T23:00:00+00:00,-8.09,-8.819479660665387,10.38,RetrodateMarket,C:\Work\Crypto_exchange\Results\RetrodateMarket\RETRODATE_MARKET\2026-05-17_15-22-03_retrodate_market_v2,Results\RetrodateMarket\RETRODATE_MARKET\2026-05-17_15-22-03_retrodate_market_v2\run_summary.json,C:\Work\Crypto_exchange\Results\RetrodateMarket\RETRODATE_MARKET\2026-05-17_15-22-03_retrodate_market_v2\analysis_report.md
2026-05-17 15:36:43,2026-05-17,2022-2025 legacy scaled,"2022,2023,2024,2025",35063,1.0944585460456893,2022-01-01T00:00:00+00:00,2025-12-31T23:00:00+00:00,10.42,11.45869914013604,5.02,RetrodateMarket,C:\Work\Crypto_exchange\Results\RetrodateMarket\RETRODATE_MARKET\2026-05-17_15-36-43_retrodate_market_v2,Results\RetrodateMarket\RETRODATE_MARKET\2026-05-17_15-36-43_retrodate_market_v2\run_summary.json,C:\Work\Crypto_exchange\Results\RetrodateMarket\RETRODATE_MARKET\2026-05-17_15-36-43_retrodate_market_v2\analysis_report.md
2026-05-17 16:17:35,2026-05-17,2022-2025 legacy scaled,"2022,2023,2024,2025",35063,1.0944585460456893,2022-01-01T00:00:00+00:00,2025-12-31T23:00:00+00:00,10.42,11.45869914013604,5.02,RetrodateMarket,C:\Work\Crypto_exchange\Results\RetrodateMarket\RETRODATE_MARKET\2026-05-17_16-17-35_retrodate_market_v2,Results\RetrodateMarket\RETRODATE_MARKET\2026-05-17_16-17-35_retrodate_market_v2\run_summary.json,C:\Work\Crypto_exchange\Results\RetrodateMarket\RETRODATE_MARKET\2026-05-17_16-17-35_retrodate_market_v2\analysis_report.md
2026-05-17 16:32:17,2026-05-17,2022-2025 legacy scaled,"2022,2023,2024,2025",35063,1.0944585460456893,2022-01-01T00:00:00+00:00,2025-12-31T23:00:00+00:00,10.42,11.45869914013604,5.02,RetrodateMarket,C:\Work\Crypto_exchange\Results\RetrodateMarket\RETRODATE_MARKET\2026-05-17_16-32-17_retrodate_market_v2,Results\RetrodateMarket\RETRODATE_MARKET\2026-05-17_16-32-17_retrodate_market_v2\run_summary.json,C:\Work\Crypto_exchange\Results\RetrodateMarket\RETRODATE_MARKET\2026-05-17_16-32-17_retrodate_market_v2\analysis_report.md
2026-05-17 17:33:13,2026-05-17,2022-2025 legacy scaled,"2022,2023,2024,2025",35063,1.0944585460456893,2022-01-01T00:00:00+00:00,2025-12-31T23:00:00+00:00,10.42,11.45869914013604,5.02,RetrodateMarket,C:\Work\Crypto_exchange\Results\RetrodateMarket\RETRODATE_MARKET\2026-05-17_17-33-13_retrodate_market_v2,Results\RetrodateMarket\RETRODATE_MARKET\2026-05-17_17-33-13_retrodate_market_v2\run_summary.json,C:\Work\Crypto_exchange\Results\RetrodateMarket\RETRODATE_MARKET\2026-05-17_17-33-13_retrodate_market_v2\analysis_report.md
2026-05-17 18:17:19,2026-05-17,2022-2025 legacy scaled,"2022,2023,2024,2025",35063,1.0944585460456893,2022-01-01T00:00:00+00:00,2025-12-31T23:00:00+00:00,-18.35,-19.89867524769885,18.73,RetrodateMarket,C:\Work\Crypto_exchange\Results\RetrodateMarket\RETRODATE_MARKET\2026-05-17_18-17-19_retrodate_market_v2,Results\RetrodateMarket\RETRODATE_MARKET\2026-05-17_18-17-19_retrodate_market_v2\run_summary.json,C:\Work\Crypto_exchange\Results\RetrodateMarket\RETRODATE_MARKET\2026-05-17_18-17-19_retrodate_market_v2\analysis_report.md
2026-05-17 18:54:40,2026-05-17,2022-2025 legacy scaled,"2022,2023,2024,2025",35063,1.0944585460456893,2022-01-01T00:00:00+00:00,2025-12-31T23:00:00+00:00,-2.55,-2.787481928545299,5.2,RetrodateMarket,C:\Work\Crypto_exchange\Results\RetrodateMarket\RETRODATE_MARKET\2026-05-17_18-54-40_retrodate_market_v2,Results\RetrodateMarket\RETRODATE_MARKET\2026-05-17_18-54-40_retrodate_market_v2\run_summary.json,C:\Work\Crypto_exchange\Results\RetrodateMarket\RETRODATE_MARKET\2026-05-17_18-54-40_retrodate_market_v2\analysis_report.md
2026-05-17 19:27:19,2026-05-17,2022-2025 legacy scaled,"2022,2023,2024,2025",35063,1.0944585460456893,2022-01-01T00:00:00+00:00,2025-12-31T23:00:00+00:00,-9.82,-10.696185699673677,13.32,RetrodateMarket,C:\Work\Crypto_exchange\Results\RetrodateMarket\RETRODATE_MARKET\2026-05-17_19-27-19_retrodate_market_v2,Results\RetrodateMarket\RETRODATE_MARKET\2026-05-17_19-27-19_retrodate_market_v2\run_summary.json,C:\Work\Crypto_exchange\Results\RetrodateMarket\RETRODATE_MARKET\2026-05-17_19-27-19_retrodate_market_v2\analysis_report.md
2026-05-17 19:55:00,2026-05-17,2022-2025 legacy scaled,"2022,2023,2024,2025",35063,1.0944585460456893,2022-01-01T00:00:00+00:00,2025-12-31T23:00:00+00:00,-10.25,-11.162125269671929,10.25,RetrodateMarket,C:\Work\Crypto_exchange\Results\RetrodateMarket\RETRODATE_MARKET\2026-05-17_19-55-00_retrodate_market_v2,Results\RetrodateMarket\RETRODATE_MARKET\2026-05-17_19-55-00_retrodate_market_v2\run_summary.json,C:\Work\Crypto_exchange\Results\RetrodateMarket\RETRODATE_MARKET\2026-05-17_19-55-00_retrodate_market_v2\analysis_report.md
2026-05-17 20:51:23,2026-05-17,2022-2025 legacy scaled,"2022,2023,2024,2025",35063,1.0944585460456893,2022-01-01T00:00:00+00:00,2025-12-31T23:00:00+00:00,-23.96,-25.902165034192983,24.03,RetrodateMarket,C:\Work\Crypto_exchange\Results\RetrodateMarket\RETRODATE_MARKET\2026-05-17_20-51-23_retrodate_market_v2,Results\RetrodateMarket\RETRODATE_MARKET\2026-05-17_20-51-23_retrodate_market_v2\run_summary.json,C:\Work\Crypto_exchange\Results\RetrodateMarket\RETRODATE_MARKET\2026-05-17_20-51-23_retrodate_market_v2\analysis_report.md
2026-05-17 21:10:18,2026-05-17,2022-2025 legacy scaled,"2022,2023,2024,2025",35063,1.0944585460456893,2022-01-01T00:00:00+00:00,2025-12-31T23:00:00+00:00,0.0,0.0,0.0,RetrodateMarket,C:\Work\Crypto_exchange\Results\RetrodateMarket\RETRODATE_MARKET\2026-05-17_21-10-18_retrodate_market_v2,Results\RetrodateMarket\RETRODATE_MARKET\2026-05-17_21-10-18_retrodate_market_v2\run_summary.json,C:\Work\Crypto_exchange\Results\RetrodateMarket\RETRODATE_MARKET\2026-05-17_21-10-18_retrodate_market_v2\analysis_report.md
2026-05-17 21:27:06,2026-05-17,2022-2025 legacy scaled,"2022,2023,2024,2025",35063,1.0944585460456893,2022-01-01T00:00:00+00:00,2025-12-31T23:00:00+00:00,-6.15,-6.710995466785674,11.62,RetrodateMarket,C:\Work\Crypto_exchange\Results\RetrodateMarket\RETRODATE_MARKET\2026-05-17_21-27-06_retrodate_market_v2,Results\RetrodateMarket\RETRODATE_MARKET\2026-05-17_21-27-06_retrodate_market_v2\run_summary.json,C:\Work\Crypto_exchange\Results\RetrodateMarket\RETRODATE_MARKET\2026-05-17_21-27-06_retrodate_market_v2\analysis_report.md
2026-05-17 21:51:23,2026-05-17,2022-2025 legacy scaled,"2022,2023,2024,2025",35063,1.0944585460456893,2022-01-01T00:00:00+00:00,2025-12-31T23:00:00+00:00,-12.58,-13.683177753316722,12.63,RetrodateMarket,C:\Work\Crypto_exchange\Results\RetrodateMarket\RETRODATE_MARKET\2026-05-17_21-51-23_retrodate_market_v2,Results\RetrodateMarket\RETRODATE_MARKET\2026-05-17_21-51-23_retrodate_market_v2\run_summary.json,C:\Work\Crypto_exchange\Results\RetrodateMarket\RETRODATE_MARKET\2026-05-17_21-51-23_retrodate_market_v2\analysis_report.md
2026-05-17 22:08:17,2026-05-17,2022-2025 legacy scaled,"2022,2023,2024,2025",35063,1.0944585460456893,2022-01-01T00:00:00+00:00,2025-12-31T23:00:00+00:00,-15.2,-16.510429177872933,15.47,RetrodateMarket,C:\Work\Crypto_exchange\Results\RetrodateMarket\RETRODATE_MARKET\2026-05-17_22-08-17_retrodate_market_v2,Results\RetrodateMarket\RETRODATE_MARKET\2026-05-17_22-08-17_retrodate_market_v2\run_summary.json,C:\Work\Crypto_exchange\Results\RetrodateMarket\RETRODATE_MARKET\2026-05-17_22-08-17_retrodate_market_v2\analysis_report.md
2026-05-17 22:23:07,2026-05-17,2022-2025 legacy scaled,"2022,2023,2024,2025",35063,1.0944585460456893,2022-01-01T00:00:00+00:00,2025-12-31T23:00:00+00:00,-11.94,-12.991324895614065,13.21,RetrodateMarket,C:\Work\Crypto_exchange\Results\RetrodateMarket\RETRODATE_MARKET\2026-05-17_22-23-07_retrodate_market_v2,Results\RetrodateMarket\RETRODATE_MARKET\2026-05-17_22-23-07_retrodate_market_v2\run_summary.json,C:\Work\Crypto_exchange\Results\RetrodateMarket\RETRODATE_MARKET\2026-05-17_22-23-07_retrodate_market_v2\analysis_report.md
2026-05-17 22:44:13,2026-05-17,2022-2025 legacy scaled,"2022,2023,2024,2025",35063,1.0944585460456893,2022-01-01T00:00:00+00:00,2025-12-31T23:00:00+00:00,-3.61,-3.9441843025804335,10.13,RetrodateMarket,C:\Work\Crypto_exchange\Results\RetrodateMarket\RETRODATE_MARKET\2026-05-17_22-44-13_retrodate_market_v2,Results\RetrodateMarket\RETRODATE_MARKET\2026-05-17_22-44-13_retrodate_market_v2\run_summary.json,C:\Work\Crypto_exchange\Results\RetrodateMarket\RETRODATE_MARKET\2026-05-17_22-44-13_retrodate_market_v2\analysis_report.md
2026-05-17 23:09:07,2026-05-17,2022-2025 legacy scaled,"2022,2023,2024,2025",35063,1.0944585460456893,2022-01-01T00:00:00+00:00,2025-12-31T23:00:00+00:00,-8.24,-8.982332893000965,12.99,RetrodateMarket,C:\Work\Crypto_exchange\Results\RetrodateMarket\RETRODATE_MARKET\2026-05-17_23-09-07_retrodate_market_v2,Results\RetrodateMarket\RETRODATE_MARKET\2026-05-17_23-09-07_retrodate_market_v2\run_summary.json,C:\Work\Crypto_exchange\Results\RetrodateMarket\RETRODATE_MARKET\2026-05-17_23-09-07_retrodate_market_v2\analysis_report.md
2026-05-18 08:17:55,2026-05-18,2022-2025 legacy scaled,"2022,2023,2024,2025",35063,1.0944585460456893,2022-01-01T00:00:00+00:00,2025-12-31T23:00:00+00:00,-8.81,-9.600945540721618,8.81,RetrodateMarket,C:\Work\Crypto_exchange\Results\RetrodateMarket\RETRODATE_MARKET\2026-05-18_08-17-55_retrodate_market_v2,Results\RetrodateMarket\RETRODATE_MARKET\2026-05-18_08-17-55_retrodate_market_v2\run_summary.json,C:\Work\Crypto_exchange\Results\RetrodateMarket\RETRODATE_MARKET\2026-05-18_08-17-55_retrodate_market_v2\analysis_report.md
2026-05-18 09:02:12,2026-05-18,2022-2025 legacy scaled,"2022,2023,2024,2025",35063,1.0944585460456893,2022-01-01T00:00:00+00:00,2025-12-31T23:00:00+00:00,-15.2,-16.510429177872933,18.53,RetrodateMarket,C:\Work\Crypto_exchange\Results\RetrodateMarket\RETRODATE_MARKET\2026-05-18_09-02-12_retrodate_market_v2,Results\RetrodateMarket\RETRODATE_MARKET\2026-05-18_09-02-12_retrodate_market_v2\run_summary.json,C:\Work\Crypto_exchange\Results\RetrodateMarket\RETRODATE_MARKET\2026-05-18_09-02-12_retrodate_market_v2\analysis_report.md
2026-05-18 11:53:08,2026-05-18,2022-2025 legacy scaled,"2022,2023,2024,2025",35063,1.0944585460456893,2022-01-01T00:00:00+00:00,2025-12-31T23:00:00+00:00,-0.49,-0.5361603947233173,7.99,RetrodateMarket,C:\Work\Crypto_exchange\Results\RetrodateMarket\RETRODATE_MARKET\2026-05-18_11-53-08_retrodate_market_v2,Results\RetrodateMarket\RETRODATE_MARKET\2026-05-18_11-53-08_retrodate_market_v2\run_summary.json,C:\Work\Crypto_exchange\Results\RetrodateMarket\RETRODATE_MARKET\2026-05-18_11-53-08_retrodate_market_v2\analysis_report.md
2026-05-18 12:58:21,2026-05-18,2022-2025 legacy scaled,"2022,2023,2024,2025",35063,1.0944585460456893,2022-01-01T00:00:00+00:00,2025-12-31T23:00:00+00:00,-7.02,-7.657067123986094,8.48,RetrodateMarket,C:\Work\Crypto_exchange\Results\RetrodateMarket\RETRODATE_MARKET\2026-05-18_12-58-21_retrodate_market_v2,Results\RetrodateMarket\RETRODATE_MARKET\2026-05-18_12-58-21_retrodate_market_v2\run_summary.json,C:\Work\Crypto_exchange\Results\RetrodateMarket\RETRODATE_MARKET\2026-05-18_12-58-21_retrodate_market_v2\analysis_report.md
2026-05-18 13:32:40,2026-05-18,2022-2025 legacy scaled,"2022,2023,2024,2025",35063,1.0944585460456893,2022-01-01T00:00:00+00:00,2025-12-31T23:00:00+00:00,-0.49,-0.5361603947233173,7.99,RetrodateMarket,C:\Work\Crypto_exchange\Results\RetrodateMarket\RETRODATE_MARKET\2026-05-18_13-32-40_retrodate_market_v2,Results\RetrodateMarket\RETRODATE_MARKET\2026-05-18_13-32-40_retrodate_market_v2\run_summary.json,C:\Work\Crypto_exchange\Results\RetrodateMarket\RETRODATE_MARKET\2026-05-18_13-32-40_retrodate_market_v2\analysis_report.md
2026-05-18 14:26:44,2026-05-18,2022-2025 legacy scaled,"2022,2023,2024,2025",35063,1.0944585460456893,2022-01-01T00:00:00+00:00,2025-12-31T23:00:00+00:00,-0.49,-0.5361603947233173,7.99,RetrodateMarket,C:\Work\Crypto_exchange\Results\RetrodateMarket\RETRODATE_MARKET\2026-05-18_14-26-44_retrodate_market_v2,Results\RetrodateMarket\RETRODATE_MARKET\2026-05-18_14-26-44_retrodate_market_v2\run_summary.json,C:\Work\Crypto_exchange\Results\RetrodateMarket\RETRODATE_MARKET\2026-05-18_14-26-44_retrodate_market_v2\analysis_report.md
2026-05-18 18:59:30,2026-05-18,2022-2025 legacy scaled,"2022,2023,2024,2025",35063,1.0944585460456893,2022-01-01T00:00:00+00:00,2025-12-31T23:00:00+00:00,-7.98,-8.700037997781685,7.98,neiro_genetics/RetrodateMarket,C:\Work\Crypto_exchange\Results\neiro_genetics\RetrodateMarket\RETRODATE_MARKET\2026-05-18_18-59-30_retrodate_market_v2,Results\neiro_genetics\RetrodateMarket\RETRODATE_MARKET\2026-05-18_18-59-30_retrodate_market_v2\run_summary.json,C:\Work\Crypto_exchange\Results\neiro_genetics\RetrodateMarket\RETRODATE_MARKET\2026-05-18_18-59-30_retrodate_market_v2\analysis_report.md
2026-05-18 21:06:22,2026-05-18,2022-2025 legacy scaled,"2022,2023,2024,2025",35063,1.0944585460456893,2022-01-01T00:00:00+00:00,2025-12-31T23:00:00+00:00,-8.62,-9.39478179422112,8.82,neiro_genetics/RetrodateMarket,C:\Work\Crypto_exchange\Results\neiro_genetics\RetrodateMarket\RETRODATE_MARKET\2026-05-18_21-06-22_retrodate_market_v2,Results\neiro_genetics\RetrodateMarket\RETRODATE_MARKET\2026-05-18_21-06-22_retrodate_market_v2\run_summary.json,C:\Work\Crypto_exchange\Results\neiro_genetics\RetrodateMarket\RETRODATE_MARKET\2026-05-18_21-06-22_retrodate_market_v2\analysis_report.md
2026-05-18 23:16:18,2026-05-18,2022-2025 legacy scaled,"2022,2023,2024,2025",35063,1.0944585460456893,2022-01-01T00:00:00+00:00,2025-12-31T23:00:00+00:00,-0.31,-0.33923242817091026,1.9,neiro_genetics/RetrodateMarket,C:\Work\Crypto_exchange\Results\neiro_genetics\RetrodateMarket\RETRODATE_MARKET\2026-05-18_23-16-18_retrodate_market_v2,Results\neiro_genetics\RetrodateMarket\RETRODATE_MARKET\2026-05-18_23-16-18_retrodate_market_v2\run_summary.json,C:\Work\Crypto_exchange\Results\neiro_genetics\RetrodateMarket\RETRODATE_MARKET\2026-05-18_23-16-18_retrodate_market_v2\analysis_report.md
2026-05-19 01:30:18,2026-05-19,2022-2025 legacy scaled,"2022,2023,2024,2025",35063,1.0944585460456893,2022-01-01T00:00:00+00:00,2025-12-31T23:00:00+00:00,-0.63,-0.6893033331736298,2.33,neiro_genetics/RetrodateMarket,C:\Work\Crypto_exchange\Results\neiro_genetics\RetrodateMarket\RETRODATE_MARKET\2026-05-19_01-30-18_retrodate_market_v2,Results\neiro_genetics\RetrodateMarket\RETRODATE_MARKET\2026-05-19_01-30-18_retrodate_market_v2\run_summary.json,C:\Work\Crypto_exchange\Results\neiro_genetics\RetrodateMarket\RETRODATE_MARKET\2026-05-19_01-30-18_retrodate_market_v2\analysis_report.md
2026-05-19 03:29:51,2026-05-19,2022-2025 legacy scaled,"2022,2023,2024,2025",35063,1.0944585460456893,2022-01-01T00:00:00+00:00,2025-12-31T23:00:00+00:00,-2.48,-2.7110539388647825,6.12,neiro_genetics/RetrodateMarket,C:\Work\Crypto_exchange\Results\neiro_genetics\RetrodateMarket\RETRODATE_MARKET\2026-05-19_03-29-51_retrodate_market_v2,Results\neiro_genetics\RetrodateMarket\RETRODATE_MARKET\2026-05-19_03-29-51_retrodate_market_v2\run_summary.json,C:\Work\Crypto_exchange\Results\neiro_genetics\RetrodateMarket\RETRODATE_MARKET\2026-05-19_03-29-51_retrodate_market_v2\analysis_report.md
2026-05-19 07:52:06,2026-05-19,2022-2025 legacy scaled,"2022,2023,2024,2025",35063,1.0944585460456893,2022-01-01T00:00:00+00:00,2025-12-31T23:59:00+00:00,-1.91,-2.0885191307517204,2.16,neiro_genetics/RetrodateMarket,Results\neiro_genetics\RetrodateMarket\RETRODATE_MARKET\2026-05-19_07-52-06_retrodate_market_v2,Results\neiro_genetics\RetrodateMarket\RETRODATE_MARKET\2026-05-19_07-52-06_retrodate_market_v2\run_summary.json,Results\neiro_genetics\RetrodateMarket\RETRODATE_MARKET\2026-05-19_07-52-06_retrodate_market_v2\analysis_report.md
2026-05-19 14:32:38,2026-05-19,2022-2026 full,"2022,2023,2024,2025,2026",38375,1.0,2022-01-01T00:00:00+00:00,2026-05-18T23:00:00+00:00,-0.62,-0.62,1.41,neiro_genetics/RetrodateMarket_AB/C_post_registry_strict,C:\Work\Crypto_exchange\Results\neiro_genetics\RetrodateMarket_AB\C_post_registry_strict\RETRODATE_MARKET\2026-05-19_14-32-38_retrodate_market_v2,Results\neiro_genetics\RetrodateMarket_AB\C_post_registry_strict\RETRODATE_MARKET\2026-05-19_14-32-38_retrodate_market_v2\run_summary.json,C:\Work\Crypto_exchange\Results\neiro_genetics\RetrodateMarket_AB\C_post_registry_strict\RETRODATE_MARKET\2026-05-19_14-32-38_retrodate_market_v2\analysis_report.md
2026-05-19 14:32:38,2026-05-19,2022-2026 full,"2022,2023,2024,2025,2026",38375,1.0,2022-01-01T00:00:00+00:00,2026-05-18T23:00:00+00:00,-0.62,-0.62,1.41,neiro_genetics/RetrodateMarket_AB/D_post_registry_no_has_data,C:\Work\Crypto_exchange\Results\neiro_genetics\RetrodateMarket_AB\D_post_registry_no_has_data\RETRODATE_MARKET\2026-05-19_14-32-38_retrodate_market_v2,Results\neiro_genetics\RetrodateMarket_AB\D_post_registry_no_has_data\RETRODATE_MARKET\2026-05-19_14-32-38_retrodate_market_v2\run_summary.json,C:\Work\Crypto_exchange\Results\neiro_genetics\RetrodateMarket_AB\D_post_registry_no_has_data\RETRODATE_MARKET\2026-05-19_14-32-38_retrodate_market_v2\analysis_report.md
2026-05-19 23:30:20,2026-05-19,2022-2026 full,"2022,2023,2024,2025,2026",38375,1.0,2022-01-01T00:00:00+00:00,2026-05-18T23:00:00+00:00,-0.36,-0.36,1.96,neiro_genetics/RetrodateMarket_AB/Q_final_scoped_probation_2022_2026,C:\Work\Crypto_exchange\Results\neiro_genetics\RetrodateMarket_AB\Q_final_scoped_probation_2022_2026\RETRODATE_MARKET\2026-05-19_23-30-20_retrodate_market_v2,Results\neiro_genetics\RetrodateMarket_AB\Q_final_scoped_probation_2022_2026\RETRODATE_MARKET\2026-05-19_23-30-20_retrodate_market_v2\run_summary.json,C:\Work\Crypto_exchange\Results\neiro_genetics\RetrodateMarket_AB\Q_final_scoped_probation_2022_2026\RETRODATE_MARKET\2026-05-19_23-30-20_retrodate_market_v2\analysis_report.md
2026-05-20 10:02:17,2026-05-20,2022-2026 full,"2022,2023,2024,2025,2026",38375,1.0,2022-01-01T00:00:00+00:00,2026-05-18T23:00:00+00:00,-0.59,-0.59,0.59,neiro_genetics/RetrodateMarket_AB/AD_shadow_state_entry_gate_2022_2026,C:\Work\Crypto_exchange\Results\neiro_genetics\RetrodateMarket_AB\AD_shadow_state_entry_gate_2022_2026\RETRODATE_MARKET\2026-05-20_10-02-17_retrodate_market_v2,Results\neiro_genetics\RetrodateMarket_AB\AD_shadow_state_entry_gate_2022_2026\RETRODATE_MARKET\2026-05-20_10-02-17_retrodate_market_v2\run_summary.json,C:\Work\Crypto_exchange\Results\neiro_genetics\RetrodateMarket_AB\AD_shadow_state_entry_gate_2022_2026\RETRODATE_MARKET\2026-05-20_10-02-17_retrodate_market_v2\analysis_report.md
2026-05-20 13:39:22,2026-05-20,2022-2026 full,"2022,2023,2024,2025,2026",38375,1.0,2022-01-01T00:00:00+00:00,2026-05-18T23:00:00+00:00,-26.73,-26.73,26.99,neiro_genetics/PanteonFlashRetrodate,Results\neiro_genetics\PanteonFlashRetrodate\RETRODATE_MARKET\2026-05-20_13-39-22_retrodate_market_v2,Results\neiro_genetics\PanteonFlashRetrodate\RETRODATE_MARKET\2026-05-20_13-39-22_retrodate_market_v2\run_summary.json,Results\neiro_genetics\PanteonFlashRetrodate\RETRODATE_MARKET\2026-05-20_13-39-22_retrodate_market_v2\analysis_report.md
2026-05-20 14:54:34,2026-05-20,2022-2026 full,"2022,2023,2024,2025,2026",38375,1.0,2022-01-01T00:00:00+00:00,2026-05-18T23:00:00+00:00,-33.37,-33.37,33.37,neiro_genetics/PanteonFlashRetrodateGated,Results\neiro_genetics\PanteonFlashRetrodateGated\RETRODATE_MARKET\2026-05-20_14-54-34_retrodate_market_v2,Results\neiro_genetics\PanteonFlashRetrodateGated\RETRODATE_MARKET\2026-05-20_14-54-34_retrodate_market_v2\run_summary.json,Results\neiro_genetics\PanteonFlashRetrodateGated\RETRODATE_MARKET\2026-05-20_14-54-34_retrodate_market_v2\analysis_report.md
2026-05-20 16:04:56,2026-05-20,2022-2026 full,"2022,2023,2024,2025,2026",38375,1.0,2022-01-01T00:00:00+00:00,2026-05-18T23:00:00+00:00,-18.15,-18.15,18.15,neiro_genetics/PanteonFlashRetrodateShadow5,Results\neiro_genetics\PanteonFlashRetrodateShadow5\RETRODATE_MARKET\2026-05-20_16-04-56_retrodate_market_v2,Results\neiro_genetics\PanteonFlashRetrodateShadow5\RETRODATE_MARKET\2026-05-20_16-04-56_retrodate_market_v2\run_summary.json,Results\neiro_genetics\PanteonFlashRetrodateShadow5\RETRODATE_MARKET\2026-05-20_16-04-56_retrodate_market_v2\analysis_report.md
2026-05-20 16:40:43,2026-05-20,2022-2026 full,"2022,2023,2024,2025,2026",38375,1.0,2022-01-01T00:00:00+00:00,2026-05-18T23:00:00+00:00,-11.84,-11.84,16.82,neiro_genetics/PanteonFlashRetrodateShadow50,Results\neiro_genetics\PanteonFlashRetrodateShadow50\RETRODATE_MARKET\2026-05-20_16-40-43_retrodate_market_v2,Results\neiro_genetics\PanteonFlashRetrodateShadow50\RETRODATE_MARKET\2026-05-20_16-40-43_retrodate_market_v2\run_summary.json,Results\neiro_genetics\PanteonFlashRetrodateShadow50\RETRODATE_MARKET\2026-05-20_16-40-43_retrodate_market_v2\analysis_report.md
2026-05-20 17:18:41,2026-05-20,2022-2026 full,"2022,2023,2024,2025,2026",38375,1.0,2022-01-01T00:00:00+00:00,2026-05-18T23:00:00+00:00,-3.53,-3.53,11.57,neiro_genetics/PanteonFlashRetrodateShadow50Cap1,Results\neiro_genetics\PanteonFlashRetrodateShadow50Cap1\RETRODATE_MARKET\2026-05-20_17-18-41_retrodate_market_v2,Results\neiro_genetics\PanteonFlashRetrodateShadow50Cap1\RETRODATE_MARKET\2026-05-20_17-18-41_retrodate_market_v2\run_summary.json,Results\neiro_genetics\PanteonFlashRetrodateShadow50Cap1\RETRODATE_MARKET\2026-05-20_17-18-41_retrodate_market_v2\analysis_report.md
2026-05-20 17:57:13,2026-05-20,2022-2026 full,"2022,2023,2024,2025,2026",38375,1.0,2022-01-01T00:00:00+00:00,2026-05-18T23:00:00+00:00,8.82,8.82,5.81,neiro_genetics/PanteonFlashRetrodateShadow50Cap1Score05,Results\neiro_genetics\PanteonFlashRetrodateShadow50Cap1Score05\RETRODATE_MARKET\2026-05-20_17-57-13_retrodate_market_v2,Results\neiro_genetics\PanteonFlashRetrodateShadow50Cap1Score05\RETRODATE_MARKET\2026-05-20_17-57-13_retrodate_market_v2\run_summary.json,Results\neiro_genetics\PanteonFlashRetrodateShadow50Cap1Score05\RETRODATE_MARKET\2026-05-20_17-57-13_retrodate_market_v2\analysis_report.md
2026-05-20 19:32:20,2026-05-20,2022-2026 full,"2022,2023,2024,2025,2026",38375,1.0,2022-01-01T00:00:00+00:00,2026-05-18T23:00:00+00:00,-3.91,-3.91,14.39,PanteonFlashRetrodateShadow50Cap1Score05Overext2,C:\Work\Crypto_exchange\Results\PanteonFlashRetrodateShadow50Cap1Score05Overext2\RETRODATE_MARKET\2026-05-20_19-32-20_retrodate_market_v2,Results\PanteonFlashRetrodateShadow50Cap1Score05Overext2\RETRODATE_MARKET\2026-05-20_19-32-20_retrodate_market_v2\run_summary.json,C:\Work\Crypto_exchange\Results\PanteonFlashRetrodateShadow50Cap1Score05Overext2\RETRODATE_MARKET\2026-05-20_19-32-20_retrodate_market_v2\analysis_report.md
2026-05-20 21:52:37,2026-05-20,2022-2026 full,"2022,2023,2024,2025,2026",38375,1.0,2022-01-01T00:00:00+00:00,2026-05-18T23:00:00+00:00,8.82,8.82,5.81,PanteonFlashRetrodateShadow50Cap1Score05Attribution,C:\Work\Crypto_exchange\Results\PanteonFlashRetrodateShadow50Cap1Score05Attribution\RETRODATE_MARKET\2026-05-20_21-52-37_retrodate_market_v2,Results\PanteonFlashRetrodateShadow50Cap1Score05Attribution\RETRODATE_MARKET\2026-05-20_21-52-37_retrodate_market_v2\run_summary.json,C:\Work\Crypto_exchange\Results\PanteonFlashRetrodateShadow50Cap1Score05Attribution\RETRODATE_MARKET\2026-05-20_21-52-37_retrodate_market_v2\analysis_report.md
2026-05-20 22:41:15,2026-05-20,2022-2026 full,"2022,2023,2024,2025,2026",38375,1.0,2022-01-01T00:00:00+00:00,2026-05-18T23:00:00+00:00,8.81,8.81,7.57,PanteonFlashRetrodateShadow50Cap1Score05Deny3,C:\Work\Crypto_exchange\Results\PanteonFlashRetrodateShadow50Cap1Score05Deny3\RETRODATE_MARKET\2026-05-20_22-41-15_retrodate_market_v2,Results\PanteonFlashRetrodateShadow50Cap1Score05Deny3\RETRODATE_MARKET\2026-05-20_22-41-15_retrodate_market_v2\run_summary.json,C:\Work\Crypto_exchange\Results\PanteonFlashRetrodateShadow50Cap1Score05Deny3\RETRODATE_MARKET\2026-05-20_22-41-15_retrodate_market_v2\analysis_report.md
2026-05-20 23:33:16,2026-05-20,2022-2026 full,"2022,2023,2024,2025,2026",38375,1.0,2022-01-01T00:00:00+00:00,2026-05-18T23:00:00+00:00,1.93,1.93,11.43,PanteonFlashRetrodateShadow50Cap1Score05DenyWorstRows,C:\Work\Crypto_exchange\Results\PanteonFlashRetrodateShadow50Cap1Score05DenyWorstRows\RETRODATE_MARKET\2026-05-20_23-33-16_retrodate_market_v2,Results\PanteonFlashRetrodateShadow50Cap1Score05DenyWorstRows\RETRODATE_MARKET\2026-05-20_23-33-16_retrodate_market_v2\run_summary.json,C:\Work\Crypto_exchange\Results\PanteonFlashRetrodateShadow50Cap1Score05DenyWorstRows\RETRODATE_MARKET\2026-05-20_23-33-16_retrodate_market_v2\analysis_report.md
2026-05-21 01:29:04,2026-05-21,2022-2026 full,"2022,2023,2024,2025,2026",38375,1.0,2022-01-01T00:00:00+00:00,2026-05-18T23:00:00+00:00,4.6,4.6,7.51,PanteonFlashRetrodateShadow50Cap1Score05OnlineDegrade,C:\Work\Crypto_exchange\Results\PanteonFlashRetrodateShadow50Cap1Score05OnlineDegrade\RETRODATE_MARKET\2026-05-21_01-29-04_retrodate_market_v2,Results\PanteonFlashRetrodateShadow50Cap1Score05OnlineDegrade\RETRODATE_MARKET\2026-05-21_01-29-04_retrodate_market_v2\run_summary.json,C:\Work\Crypto_exchange\Results\PanteonFlashRetrodateShadow50Cap1Score05OnlineDegrade\RETRODATE_MARKET\2026-05-21_01-29-04_retrodate_market_v2\analysis_report.md
2026-05-21 02:19:29,2026-05-21,2022-2026 full,"2022,2023,2024,2025,2026",38375,1.0,2022-01-01T00:00:00+00:00,2026-05-18T23:00:00+00:00,15.08,15.08,4.15,PanteonFlashRetrodateShadow50Cap1Score05OnlineDegradeReserveCap,C:\Work\Crypto_exchange\Results\PanteonFlashRetrodateShadow50Cap1Score05OnlineDegradeReserveCap\RETRODATE_MARKET\2026-05-21_02-19-29_retrodate_market_v2,Results\PanteonFlashRetrodateShadow50Cap1Score05OnlineDegradeReserveCap\RETRODATE_MARKET\2026-05-21_02-19-29_retrodate_market_v2\run_summary.json,C:\Work\Crypto_exchange\Results\PanteonFlashRetrodateShadow50Cap1Score05OnlineDegradeReserveCap\RETRODATE_MARKET\2026-05-21_02-19-29_retrodate_market_v2\analysis_report.md
2026-05-21 03:14:57,2026-05-21,2022-2026 full,"2022,2023,2024,2025,2026",38375,1.0,2022-01-01T00:00:00+00:00,2026-05-18T23:00:00+00:00,-11.69,-11.69,29.05,PanteonFlashRetrodateShadow50Cap1Score05ExperimentalActors,C:\Work\Crypto_exchange\Results\PanteonFlashRetrodateShadow50Cap1Score05ExperimentalActors\RETRODATE_MARKET\2026-05-21_03-14-57_retrodate_market_v2,Results\PanteonFlashRetrodateShadow50Cap1Score05ExperimentalActors\RETRODATE_MARKET\2026-05-21_03-14-57_retrodate_market_v2\run_summary.json,C:\Work\Crypto_exchange\Results\PanteonFlashRetrodateShadow50Cap1Score05ExperimentalActors\RETRODATE_MARKET\2026-05-21_03-14-57_retrodate_market_v2\analysis_report.md
2026-05-21 04:32:48,2026-05-21,2022-2026 full,"2022,2023,2024,2025,2026",38375,1.0,2022-01-01T00:00:00+00:00,2026-05-18T23:00:00+00:00,28.56,28.56,7.27,PanteonFlashRetrodateShadow50Cap1Score05ExperimentalShadowOnly,C:\Work\Crypto_exchange\Results\PanteonFlashRetrodateShadow50Cap1Score05ExperimentalShadowOnly\RETRODATE_MARKET\2026-05-21_04-32-48_retrodate_market_v2,Results\PanteonFlashRetrodateShadow50Cap1Score05ExperimentalShadowOnly\RETRODATE_MARKET\2026-05-21_04-32-48_retrodate_market_v2\run_summary.json,C:\Work\Crypto_exchange\Results\PanteonFlashRetrodateShadow50Cap1Score05ExperimentalShadowOnly\RETRODATE_MARKET\2026-05-21_04-32-48_retrodate_market_v2\analysis_report.md
2026-05-21 05:40:22,2026-05-21,2022-2026 full,"2022,2023,2024,2025,2026",38375,1.0,2022-01-01T00:00:00+00:00,2026-05-18T23:00:00+00:00,15.08,15.08,4.15,PanteonFlashRetrodateShadow50Cap1Score05ExperimentalShadowOnlyRegistrySplit,C:\Work\Crypto_exchange\Results\PanteonFlashRetrodateShadow50Cap1Score05ExperimentalShadowOnlyRegistrySplit\RETRODATE_MARKET\2026-05-21_05-40-22_retrodate_market_v2,Results\PanteonFlashRetrodateShadow50Cap1Score05ExperimentalShadowOnlyRegistrySplit\RETRODATE_MARKET\2026-05-21_05-40-22_retrodate_market_v2\run_summary.json,C:\Work\Crypto_exchange\Results\PanteonFlashRetrodateShadow50Cap1Score05ExperimentalShadowOnlyRegistrySplit\RETRODATE_MARKET\2026-05-21_05-40-22_retrodate_market_v2\analysis_report.md
2026-05-23 06:48:49,2026-05-23,2022-2026 full,"2022,2023,2024,2025,2026",38375,1.0,2022-01-01T00:00:00+00:00,2026-05-18T23:00:00+00:00,27.17,27.17,7.03,PanteonFlashRound2PlusTerminalAtom_Full2022_2026_20260523/proven_solo_portfolio_hard_solo_momentum_cap10_round2_plus_terminal_atom,C:\Work\Crypto_exchange\Results\PanteonFlashRound2PlusTerminalAtom_Full2022_2026_20260523\proven_solo_portfolio_hard_solo_momentum_cap10_round2_plus_terminal_atom\RETRODATE_MARKET\2026-05-23_06-48-49_retrodate_market_v2,Results\PanteonFlashRound2PlusTerminalAtom_Full2022_2026_20260523\proven_solo_portfolio_hard_solo_momentum_cap10_round2_plus_terminal_atom\RETRODATE_MARKET\2026-05-23_06-48-49_retrodate_market_v2\run_summary.json,C:\Work\Crypto_exchange\Results\PanteonFlashRound2PlusTerminalAtom_Full2022_2026_20260523\proven_solo_portfolio_hard_solo_momentum_cap10_round2_plus_terminal_atom\RETRODATE_MARKET\2026-05-23_06-48-49_retrodate_market_v2\analysis_report.md
2026-05-23 10:33:15,2026-05-23,2022-2026 full,"2022,2023,2024,2025,2026",38375,1.0,2022-01-01T00:00:00+00:00,2026-05-18T23:00:00+00:00,56.56,56.56,7.41,PanteonFlashRound2TerminalAtomCooldown720_Full2022_2026_20260523,C:\Work\Crypto_exchange\Results\PanteonFlashRound2TerminalAtomCooldown720_Full2022_2026_20260523\RETRODATE_MARKET\2026-05-23_10-33-15_retrodate_market_v2,Results\PanteonFlashRound2TerminalAtomCooldown720_Full2022_2026_20260523\RETRODATE_MARKET\2026-05-23_10-33-15_retrodate_market_v2\run_summary.json,C:\Work\Crypto_exchange\Results\PanteonFlashRound2TerminalAtomCooldown720_Full2022_2026_20260523\RETRODATE_MARKET\2026-05-23_10-33-15_retrodate_market_v2\analysis_report.md
2026-05-23 14:26:41,2026-05-23,2022-2026 full,"2022,2023,2024,2025,2026",38375,1.0,2022-01-01T00:00:00+00:00,2026-05-18T23:00:00+00:00,70.68,70.68,5.25,PanteonFlashCooldown720ActorRegime72_Full2022_2026_20260523,C:\Work\Crypto_exchange\Results\PanteonFlashCooldown720ActorRegime72_Full2022_2026_20260523\RETRODATE_MARKET\2026-05-23_14-26-41_retrodate_market_v2,Results\PanteonFlashCooldown720ActorRegime72_Full2022_2026_20260523\RETRODATE_MARKET\2026-05-23_14-26-41_retrodate_market_v2\run_summary.json,C:\Work\Crypto_exchange\Results\PanteonFlashCooldown720ActorRegime72_Full2022_2026_20260523\RETRODATE_MARKET\2026-05-23_14-26-41_retrodate_market_v2\analysis_report.md
2026-05-23 17:49:26,2026-05-23,2022-2026 full,"2022,2023,2024,2025,2026",38375,1.0,2022-01-01T00:00:00+00:00,2026-05-18T23:00:00+00:00,105.42,105.42,4.19,PanteonFlashCooldown720ActorRegime72Round3Deny8_Full2022_2026_20260523,C:\Work\Crypto_exchange\Results\PanteonFlashCooldown720ActorRegime72Round3Deny8_Full2022_2026_20260523\RETRODATE_MARKET\2026-05-23_17-49-26_retrodate_market_v2,Results\PanteonFlashCooldown720ActorRegime72Round3Deny8_Full2022_2026_20260523\RETRODATE_MARKET\2026-05-23_17-49-26_retrodate_market_v2\run_summary.json,C:\Work\Crypto_exchange\Results\PanteonFlashCooldown720ActorRegime72Round3Deny8_Full2022_2026_20260523\RETRODATE_MARKET\2026-05-23_17-49-26_retrodate_market_v2\analysis_report.md
2026-05-23 21:15:29,2026-05-23,2022-2026 full,"2022,2023,2024,2025,2026",38375,1.0,2022-01-01T00:00:00+00:00,2026-05-18T23:00:00+00:00,105.42,105.42,4.19,PanteonFlashRound3Deny8EntryRegime_Full2022_2026_20260524,C:\Work\Crypto_exchange\Results\PanteonFlashRound3Deny8EntryRegime_Full2022_2026_20260524\RETRODATE_MARKET\2026-05-23_21-15-29_retrodate_market_v2,Results\PanteonFlashRound3Deny8EntryRegime_Full2022_2026_20260524\RETRODATE_MARKET\2026-05-23_21-15-29_retrodate_market_v2\run_summary.json,C:\Work\Crypto_exchange\Results\PanteonFlashRound3Deny8EntryRegime_Full2022_2026_20260524\RETRODATE_MARKET\2026-05-23_21-15-29_retrodate_market_v2\analysis_report.md
2026-05-24 00:20:33,2026-05-24,2022-2026 full,"2022,2023,2024,2025,2026",38375,1.0,2022-01-01T00:00:00+00:00,2026-05-18T23:00:00+00:00,100.5,100.5,4.29,PanteonFlashPreLiveSymbolGuard_Full2022_2026_20260524,C:\Work\Crypto_exchange\Results\PanteonFlashPreLiveSymbolGuard_Full2022_2026_20260524\RETRODATE_MARKET\2026-05-24_00-20-33_retrodate_market_v2,Results\PanteonFlashPreLiveSymbolGuard_Full2022_2026_20260524\RETRODATE_MARKET\2026-05-24_00-20-33_retrodate_market_v2\run_summary.json,C:\Work\Crypto_exchange\Results\PanteonFlashPreLiveSymbolGuard_Full2022_2026_20260524\RETRODATE_MARKET\2026-05-24_00-20-33_retrodate_market_v2\analysis_report.md
2026-05-24 09:23:27,2026-05-24,2022-2026 full,"2022,2023,2024,2025,2026",38375,1.0,2022-01-01T00:00:00+00:00,2026-05-18T23:00:00+00:00,105.42,105.42,4.19,PanteonFlashRound3Deny8EntryRegime_RetestFull2022_2026_20260524,C:\Work\Crypto_exchange\Results\PanteonFlashRound3Deny8EntryRegime_RetestFull2022_2026_20260524\RETRODATE_MARKET\2026-05-24_09-23-27_retrodate_market_v2,Results\PanteonFlashRound3Deny8EntryRegime_RetestFull2022_2026_20260524\RETRODATE_MARKET\2026-05-24_09-23-27_retrodate_market_v2\run_summary.json,C:\Work\Crypto_exchange\Results\PanteonFlashRound3Deny8EntryRegime_RetestFull2022_2026_20260524\RETRODATE_MARKET\2026-05-24_09-23-27_retrodate_market_v2\analysis_report.md
2026-05-25 07:12:52,2026-05-25,2022-2026 full,"2022,2023,2024,2025,2026",38375,1.0,2022-01-01T00:00:00+00:00,2026-05-18T23:00:00+00:00,105.64,105.64,4.19,PanteonFlashTargetedLcbDenyRegimePullbackTrxFull2022_2026_20260525,C:\Work\Crypto_exchange\Results\PanteonFlashTargetedLcbDenyRegimePullbackTrxFull2022_2026_20260525\RETRODATE_MARKET\2026-05-25_07-12-52_retrodate_market_v2,Results\PanteonFlashTargetedLcbDenyRegimePullbackTrxFull2022_2026_20260525\RETRODATE_MARKET\2026-05-25_07-12-52_retrodate_market_v2\run_summary.json,C:\Work\Crypto_exchange\Results\PanteonFlashTargetedLcbDenyRegimePullbackTrxFull2022_2026_20260525\RETRODATE_MARKET\2026-05-25_07-12-52_retrodate_market_v2\analysis_report.md
2026-05-25 11:09:53,2026-05-25,2022-2026 full,"2022,2023,2024,2025,2026",38375,1.0,2022-01-01T00:00:00+00:00,2026-05-18T23:00:00+00:00,106.31,106.31,4.12,PanteonFlashSelectedSubsetPredeploy_20260525/candidate_no_weak_cut_full2022_2026,C:\Work\Crypto_exchange\Results\PanteonFlashSelectedSubsetPredeploy_20260525\candidate_no_weak_cut_full2022_2026\RETRODATE_MARKET\2026-05-25_11-09-53_retrodate_market_v2,Results\PanteonFlashSelectedSubsetPredeploy_20260525\candidate_no_weak_cut_full2022_2026\RETRODATE_MARKET\2026-05-25_11-09-53_retrodate_market_v2\run_summary.json,C:\Work\Crypto_exchange\Results\PanteonFlashSelectedSubsetPredeploy_20260525\candidate_no_weak_cut_full2022_2026\RETRODATE_MARKET\2026-05-25_11-09-53_retrodate_market_v2\analysis_report.md
2026-05-25 12:11:35,2026-05-25,2022-2026 full,"2022,2023,2024,2025,2026",38375,1.0,2022-01-01T00:00:00+00:00,2026-05-18T23:00:00+00:00,106.31,106.31,4.12,PanteonFlashSelectedSubsetPredeploy_20260525/candidate_no_weak_cut_full2022_2026_compact,C:\Work\Crypto_exchange\Results\PanteonFlashSelectedSubsetPredeploy_20260525\candidate_no_weak_cut_full2022_2026_compact\RETRODATE_MARKET\2026-05-25_12-11-35_retrodate_market_v2,Results\PanteonFlashSelectedSubsetPredeploy_20260525\candidate_no_weak_cut_full2022_2026_compact\RETRODATE_MARKET\2026-05-25_12-11-35_retrodate_market_v2\run_summary.json,C:\Work\Crypto_exchange\Results\PanteonFlashSelectedSubsetPredeploy_20260525\candidate_no_weak_cut_full2022_2026_compact\RETRODATE_MARKET\2026-05-25_12-11-35_retrodate_market_v2\analysis_report.md
2026-05-25 14:13:29,2026-05-25,2022-2026 full,"2022,2023,2024,2025,2026",38375,1.0,2022-01-01T00:00:00+00:00,2026-05-18T23:00:00+00:00,106.31,106.31,4.12,PanteonFlashSelectedSubsetPredeploy_20260525/candidate_no_weak_cut_full2022_2026_compact_v2,C:\Work\Crypto_exchange\Results\PanteonFlashSelectedSubsetPredeploy_20260525\candidate_no_weak_cut_full2022_2026_compact_v2\RETRODATE_MARKET\2026-05-25_14-13-29_retrodate_market_v2,Results\PanteonFlashSelectedSubsetPredeploy_20260525\candidate_no_weak_cut_full2022_2026_compact_v2\RETRODATE_MARKET\2026-05-25_14-13-29_retrodate_market_v2\run_summary.json,C:\Work\Crypto_exchange\Results\PanteonFlashSelectedSubsetPredeploy_20260525\candidate_no_weak_cut_full2022_2026_compact_v2\RETRODATE_MARKET\2026-05-25_14-13-29_retrodate_market_v2\analysis_report.md
2026-05-25 16:14:18,2026-05-25,2022-2026 full,"2022,2023,2024,2025,2026",38375,1.0,2022-01-01T00:00:00+00:00,2026-05-18T23:00:00+00:00,106.31,106.31,4.12,PanteonFlashSelectedSubsetPredeploy_20260525/candidate_no_weak_cut_full2022_2026_final,C:\Work\Crypto_exchange\Results\PanteonFlashSelectedSubsetPredeploy_20260525\candidate_no_weak_cut_full2022_2026_final\RETRODATE_MARKET\2026-05-25_16-14-18_retrodate_market_v2,Results\PanteonFlashSelectedSubsetPredeploy_20260525\candidate_no_weak_cut_full2022_2026_final\RETRODATE_MARKET\2026-05-25_16-14-18_retrodate_market_v2\run_summary.json,C:\Work\Crypto_exchange\Results\PanteonFlashSelectedSubsetPredeploy_20260525\candidate_no_weak_cut_full2022_2026_final\RETRODATE_MARKET\2026-05-25_16-14-18_retrodate_market_v2\analysis_report.md
