period;label;category;pnl_pct;best_component_pnl_pct;panteon_alpha_pct;beats_best_component;panteon_lcb_dominance;churn_budget_pass;actor_switches_per_day;flash_executable_selected_signals;note;path
2025;Base cap10;Fail;3.7561689771728144;18.15263426936728;-14.396465292194465;False;False;True;0.6246575342465753;105;Базовый Flash выбирал плохой selected subset: общая архитектура была прибыльной в компонентах, но выбранные сделки не переносили edge.;C:\Work\Crypto_exchange\Results\PanteonFlashGeneratedSelectedDeny2025_20260522\proven_solo_portfolio_hard_solo_momentum_cap10\RETRODATE_MARKET\2026-05-22_19-38-36_retrodate_market_v2
2025;Selected deny v1;Intermediate;16.173673550411415;18.15263426936728;-1.9789607189558645;False;True;True;0.4465753424657534;77;Первый слой запрета худших selected signal_key резко улучшил результат, но Пантеон всё ещё уступал лучшему компоненту.;C:\Work\Crypto_exchange\Results\PanteonFlashGeneratedSelectedDeny2025_20260522\proven_solo_portfolio_hard_solo_momentum_cap10_generated_selected_deny\RETRODATE_MARKET\2026-05-22_19-50-35_retrodate_market_v2
2025;Round2 deny;Success;21.346479172827625;18.15263426936728;3.193844903460345;True;True;True;0.4958904109589041;89;Второй слой selected-deny впервые дал доминацию Пантеона над лучшей составляющей на 2025.;C:\Work\Crypto_exchange\Results\PanteonFlashGeneratedSelectedDenyRound2_2025_20260522\RETRODATE_MARKET\2026-05-22_20-05-53_retrodate_market_v2
2025;Broad shadow deny;Fail;2.573673383662804;18.15263426936728;-15.578960885704475;False;False;True;0.5506849315068493;95;Широкий full-shadow deny перерезал полезные ключи и вызвал over-selection fallback-кандидатов.;C:\Work\Crypto_exchange\Results\PanteonFlashGeneratedSelectedDenyShadowFullRound2Only_2025_20260523\proven_solo_portfolio_hard_solo_momentum_cap10_generated_selected_deny_shadow_full_round2only\RETRODATE_MARKET\2026-05-22_21-38-38_retrodate_market_v2
2025;ATOM deny without round2;Fail;2.995532925163452;18.15263426936728;-15.157101344203827;False;False;True;0.6109589041095891;102;Одиночный ATOM deny без round2-базы не заменяет уже обученный слой запретов и ломает 2025.;C:\Work\Crypto_exchange\Results\PanteonFlashSoloLiveCrashAtomDeny_2025_20260523\proven_solo_portfolio_hard_solo_momentum_cap10_deny_solo_livecrash_atom_short\RETRODATE_MARKET\2026-05-22_21-56-24_retrodate_market_v2
2025;Round2 + terminal ATOM;Recommended;20.68125941629314;18.15263426936728;2.5286251469258616;True;True;True;0.4821917808219178;86;Финальный устойчивый кандидат: сохраняет 2025 dominance и добавляет узкий guard против OOS-проблемы ATOM.;C:\Work\Crypto_exchange\Results\PanteonFlashRound2PlusTerminalAtom_2025_20260523\proven_solo_portfolio_hard_solo_momentum_cap10_round2_plus_terminal_atom\RETRODATE_MARKET\2026-05-22_22-35-42_retrodate_market_v2
2026 H1;Round2 deny;Intermediate;10.136546207943772;8.239258781862345;1.8972874260814265;False;True;True;0.8043478260869565;43;OOS прибыльный, но strict alpha 2 п.п. не достигнут.;C:\Work\Crypto_exchange\Results\PanteonFlashGeneratedSelectedDenyRound2_2026H1_20260523\RETRODATE_MARKET\2026-05-22_21-02-19_retrodate_market_v2
2026 H1;Round2 open2;Fail;9.538706062919305;8.239258781862345;1.2994472810569597;False;True;True;0.7101449275362319;48;Расширение числа новых открытий ухудшило OOS: прежние лимиты защищали от плохой экспозиции.;C:\Work\Crypto_exchange\Results\PanteonFlashGeneratedSelectedDenyRound2Open2_2026H1_20260523\RETRODATE_MARKET\2026-05-22_21-07-29_retrodate_market_v2
2026 H1;Shadow deny 3 sources;Fail;9.899313307221798;8.239258781862345;1.6600545253594525;False;True;True;0.7318840579710145;40;Слишком широкий deny из нескольких источников ухудшил результат относительно round2.;C:\Work\Crypto_exchange\Results\PanteonFlashGeneratedSelectedDenyShadowFull_2026H1_20260523\proven_solo_portfolio_hard_solo_momentum_cap10_generated_selected_deny_shadow_full\RETRODATE_MARKET\2026-05-22_21-29-03_retrodate_market_v2
2026 H1;Shadow deny round2-only;Overfit;13.373493512262078;8.239258781862345;5.134234730399733;True;True;True;0.8768115942028986;47;На 2026 H1 выглядит лучше финала, но провален 2025-контроль, поэтому непригоден как production policy.;C:\Work\Crypto_exchange\Results\PanteonFlashGeneratedSelectedDenyShadowFullRound2Only_2026H1_20260523\proven_solo_portfolio_hard_solo_momentum_cap10_generated_selected_deny_shadow_full_round2only\RETRODATE_MARKET\2026-05-22_21-33-49_retrodate_market_v2
2026 H1;ATOM deny without round2;Overfit;13.52541339260249;8.239258781862345;5.2861546107401445;True;True;True;0.8768115942028986;47;Лучший одиночный OOS, но 2025 провален, это пример подгонки под одну проблему.;C:\Work\Crypto_exchange\Results\PanteonFlashSoloLiveCrashAtomDeny_2026H1_20260523\proven_solo_portfolio_hard_solo_momentum_cap10_deny_solo_livecrash_atom_short\RETRODATE_MARKET\2026-05-22_21-52-07_retrodate_market_v2
2026 H1;Round2 + terminal ATOM;Recommended;11.309435085425225;8.239258781862345;3.0701763035628797;True;True;True;0.7608695652173914;40;Лучший устойчивый вариант: проходит 2025 и 2026 H1, strict alpha и churn budget.;C:\Work\Crypto_exchange\Results\PanteonFlashRound2PlusTerminalAtom_2026H1_20260523\proven_solo_portfolio_hard_solo_momentum_cap10_round2_plus_terminal_atom\RETRODATE_MARKET\2026-05-22_22-31-22_retrodate_market_v2