run,signal_key,selected_signals,closed_trades,realized_pnl_usd,avg_score
2025 round2,ensemble:Solo_MomentumScalper|DOGE/USDT|FUT_SHORT_FULL,5,5,34.648107518970235,14.510954842099517
2025 round2,ensemble:Solo_MomentumScalper|BNB/USDT|FUT_LONG_FULL,3,3,31.98670853813964,5.894648549466258
2025 round2,ensemble:Solo_MomentumScalper|ICP/USDT|FUT_LONG_FULL,2,2,29.84494071439923,46.69159436259294
2025 round2,ensemble:Solo_MomentumScalper|ETH/USDT|FUT_LONG_FULL,3,1,28.540312560046125,10.214190801885815
2025 round2,ensemble:Optimal_StaticRotator|ICP/USDT|FUT_LONG_FULL,2,2,25.532804161504934,9.053483283200539
2025 round2,ensemble:Solo_LiveCrashHunter|LINK/USDT|FUT_SHORT_FULL,1,1,14.069884357881923,33.891020443652906
2025 round2,ensemble:Solo_LiveCrashHunter|NEAR/USDT|FUT_SHORT_FULL,2,1,12.925456989247307,35.481190686619726
2025 round2,ensemble:Solo_LiveCrashHunter|APT/USDT|FUT_SHORT_FULL,1,1,11.732325109834411,21.47604668433212
2025 round2,ensemble:Optimal_StaticRotator|ATOM/USDT|FUT_LONG_FULL,1,1,10.296170548756423,10.518892231208325
2025 round2,ensemble:Solo_LiveCrashHunter|ATOM/USDT|FUT_SHORT_FULL,2,2,6.652197565344808,10.103439771883618
2025 round2,ensemble:Solo_MomentumScalper|TRX/USDT|FUT_LONG_FULL,1,1,6.2656966897613575,20.12023782502379
2025 round2,ensemble:Solo_MomentumScalper|BTC/USDT|FUT_LONG_FULL,2,1,4.653279622840562,8.706080570893596
2025 round2,ensemble:Solo_MomentumScalper|BNB/USDT|FUT_SHORT_FULL,2,2,4.574088946384593,28.242300628503376
2025 round2,ensemble:Solo_MomentumScalper|APT/USDT|FUT_LONG_FULL,1,1,3.7820543696405844,10.985294849318064
2025 round2,ensemble:Solo_MomentumScalper|AVAX/USDT|FUT_LONG_FULL,1,1,1.8567639429312561,7.969655319807129
2025 round2,ensemble:Solo_MomentumScalper|BTC/USDT|FUT_SHORT_FULL,2,2,1.8330002545192383,7.836767492823254
2025 round2,ensemble:Solo_MomentumScalper|XRP/USDT|FUT_LONG_FULL,3,2,1.769087980914848,7.9948563045766745
2025 round2,ensemble:Optimal_StaticRotator|DOT/USDT|FUT_SHORT_FULL,1,1,1.7124608927890135,5.566564008402576
2025 round2,agent:LiveCrashHunter|LINK/USDT|FUT_SHORT_HALF,1,1,1.1983765243902442,8.305449877297425
2025 round2,ensemble:Solo_MomentumScalper|FIL/USDT|FUT_SHORT_FULL,7,5,1.1732765899529563,9.162450029550923
2025 round2,agent:LiveRegimePullback|ETH/USDT|FUT_SHORT_HALF,1,1,1.0960063844384644,6.645730758775243
2025 round2,ensemble:Solo_MomentumScalper|ETC/USDT|FUT_SHORT_FULL,6,3,1.083767786313973,26.23347294101299
2025 round2,ensemble:Solo_MomentumScalper|XRP/USDT|FUT_SHORT_FULL,1,1,-0.49268029237860267,5.78641657936719
2025 round2,ensemble:Solo_MomentumScalper|SOL/USDT|FUT_LONG_FULL,2,1,-0.5997500000000092,5.5618155868504395
2025 round2,agent:LiveRegimePullback|TRX/USDT|FUT_SHORT_HALF,1,1,-3.2435655883398553,4.051193790531251
2025 round2,ensemble:Solo_MomentumScalper|FIL/USDT|FUT_LONG_FULL,1,1,-3.4295802238806052,14.476012261486678
2025 round2,ensemble:Solo_MomentumScalper|ETH/USDT|FUT_SHORT_FULL,3,2,-4.106513570996869,12.355407130917863
2025 round2,ensemble:Solo_MomentumScalper|DOT/USDT|FUT_LONG_FULL,3,1,-4.940015071590046,15.044612374725341
2025 round2,ensemble:Solo_MomentumScalper|DOGE/USDT|FUT_LONG_FULL,2,1,-6.9498715735399355,13.3432945520218
2025 final,ensemble:Solo_MomentumScalper|DOGE/USDT|FUT_SHORT_FULL,5,5,34.648107518970235,14.510954842099517
2025 final,ensemble:Solo_MomentumScalper|BNB/USDT|FUT_LONG_FULL,3,3,31.98670853813964,5.894648549466258
2025 final,ensemble:Solo_MomentumScalper|ICP/USDT|FUT_LONG_FULL,2,2,29.84494071439923,46.69159436259294
2025 final,ensemble:Solo_MomentumScalper|ETH/USDT|FUT_LONG_FULL,3,1,28.540312560046125,10.214190801885815
2025 final,ensemble:Optimal_StaticRotator|ICP/USDT|FUT_LONG_FULL,2,2,25.532804161504934,9.053483283200539
2025 final,ensemble:Solo_LiveCrashHunter|LINK/USDT|FUT_SHORT_FULL,1,1,14.069884357881923,33.891020443652906
2025 final,ensemble:Solo_LiveCrashHunter|NEAR/USDT|FUT_SHORT_FULL,2,1,12.925456989247307,35.481190686619726
2025 final,ensemble:Solo_LiveCrashHunter|APT/USDT|FUT_SHORT_FULL,1,1,11.732325109834411,21.47604668433212
2025 final,ensemble:Optimal_StaticRotator|ATOM/USDT|FUT_LONG_FULL,1,1,10.296170548756423,10.518892231208325
2025 final,ensemble:Solo_MomentumScalper|TRX/USDT|FUT_LONG_FULL,1,1,6.2656966897613575,20.12023782502379
2025 final,ensemble:Solo_MomentumScalper|BTC/USDT|FUT_LONG_FULL,2,1,4.653279622840562,8.706080570893596
2025 final,ensemble:Solo_MomentumScalper|BNB/USDT|FUT_SHORT_FULL,2,2,4.574088946384593,28.242300628503376
2025 final,ensemble:Solo_MomentumScalper|APT/USDT|FUT_LONG_FULL,1,1,3.7820543696405844,10.985294849318064
2025 final,ensemble:Solo_MomentumScalper|AVAX/USDT|FUT_LONG_FULL,1,1,1.8567639429312561,7.969655319807129
2025 final,ensemble:Solo_MomentumScalper|BTC/USDT|FUT_SHORT_FULL,2,2,1.8330002545192383,7.836767492823254
2025 final,ensemble:Solo_MomentumScalper|XRP/USDT|FUT_LONG_FULL,3,2,1.769087980914848,7.9948563045766745
2025 final,ensemble:Optimal_StaticRotator|DOT/USDT|FUT_SHORT_FULL,1,1,1.7124608927890135,5.566564008402576
2025 final,agent:LiveCrashHunter|LINK/USDT|FUT_SHORT_HALF,1,1,1.1983765243902442,8.305449877297425
2025 final,ensemble:Solo_MomentumScalper|FIL/USDT|FUT_SHORT_FULL,7,5,1.1732765899529563,9.162450029550923
2025 final,agent:LiveRegimePullback|ETH/USDT|FUT_SHORT_HALF,1,1,1.0960063844384644,6.645730758775243
2025 final,ensemble:Solo_MomentumScalper|ETC/USDT|FUT_SHORT_FULL,6,3,1.083767786313973,26.23347294101299
2025 final,ensemble:Solo_MomentumScalper|XRP/USDT|FUT_SHORT_FULL,1,1,-0.49268029237860267,5.78641657936719
2025 final,ensemble:Solo_MomentumScalper|SOL/USDT|FUT_LONG_FULL,2,1,-0.5997500000000092,5.5618155868504395
2025 final,agent:LiveRegimePullback|TRX/USDT|FUT_SHORT_HALF,1,1,-3.2435655883398553,4.051193790531251
2025 final,ensemble:Solo_MomentumScalper|FIL/USDT|FUT_LONG_FULL,1,1,-3.4295802238806052,14.476012261486678
2025 final,ensemble:Solo_MomentumScalper|ETH/USDT|FUT_SHORT_FULL,3,2,-4.106513570996869,12.355407130917863
2025 final,ensemble:Solo_MomentumScalper|DOT/USDT|FUT_LONG_FULL,3,1,-4.940015071590046,15.044612374725341
2025 final,ensemble:Solo_MomentumScalper|DOGE/USDT|FUT_LONG_FULL,2,1,-6.9498715735399355,13.3432945520218
2026 H1 round2,ensemble:Solo_LiveCrashHunter|ICP/USDT|FUT_SHORT_FULL,4,4,31.633052682239978,10.641362694705993
2026 H1 round2,agent:MomentumScalper|FIL/USDT|FUT_SHORT_FULL,1,1,15.29622093023256,5.022744174251696
2026 H1 round2,agent:LiveTrendFollow|APT/USDT|FUT_SHORT_FULL,1,1,12.002040382571732,4.051855328422898
2026 H1 round2,agent:MomentumScalper|ETH/USDT|FUT_SHORT_FULL,1,1,11.784992564296964,14.835338161111897
2026 H1 round2,ensemble:Solo_LiveCrashHunter|XRP/USDT|FUT_SHORT_FULL,3,1,10.34161690918214,15.959376255576176
2026 H1 round2,agent:LiveTrendFollow|BNB/USDT|FUT_SHORT_FULL,2,2,7.123015325173265,13.582152446670142
2026 H1 round2,agent:PlayerFunding|XRP/USDT|FUT_SHORT_FULL,1,1,6.912237023426738,16.320126040537446
2026 H1 round2,ensemble:Solo_LiveCrashHunter|LINK/USDT|FUT_SHORT_FULL,2,1,6.262427983539104,15.996570902364915
2026 H1 round2,agent:MomentumScalper|DOGE/USDT|FUT_SHORT_FULL,1,1,4.798494993425714,7.212446838217625
2026 H1 round2,agent:PlayerFunding|DOT/USDT|FUT_SHORT_FULL,1,1,4.123764082173616,12.193509978215506
2026 H1 round2,agent:PlayerFunding|ATOM/USDT|FUT_SHORT_HALF,1,1,3.733061420345493,14.72516078418737
2026 H1 round2,ensemble:Solo_LiveCrashHunter|APT/USDT|FUT_SHORT_FULL,1,1,3.4624979184013442,5.297185185292194
2026 H1 round2,agent:MomentumScalper|AVAX/USDT|FUT_SHORT_FULL,1,1,3.111336302895333,14.747687116826617
2026 H1 round2,agent:PlayerFunding|DOGE/USDT|FUT_SHORT_FULL,1,1,2.5838042119434492,5.5168180838275855
2026 H1 round2,agent:PlayerFunding|ADA/USDT|FUT_SHORT_FULL,1,1,-2.101687995124925,11.552661980013935
2026 H1 round2,agent:MomentumScalper|APT/USDT|FUT_SHORT_FULL,1,1,-2.304120054570261,8.974753291148446
2026 H1 round2,ensemble:Solo_LiveCrashHunter|ATOM/USDT|FUT_SHORT_FULL,2,2,-17.39729260071453,17.9364214656486
2026 H1 final,ensemble:Solo_LiveCrashHunter|ICP/USDT|FUT_SHORT_FULL,4,4,31.633052682239978,10.641362694705993
2026 H1 final,agent:MomentumScalper|FIL/USDT|FUT_SHORT_FULL,1,1,15.29622093023256,5.022744174251696
2026 H1 final,agent:LiveTrendFollow|APT/USDT|FUT_SHORT_FULL,1,1,12.002040382571732,4.051855328422898
2026 H1 final,agent:MomentumScalper|ETH/USDT|FUT_SHORT_FULL,1,1,11.784992564296964,14.835338161111897
2026 H1 final,ensemble:Solo_LiveCrashHunter|XRP/USDT|FUT_SHORT_FULL,3,1,10.34161690918214,15.959376255576176
2026 H1 final,agent:PlayerFunding|XRP/USDT|FUT_SHORT_FULL,1,1,6.912237023426738,16.320126040537446
2026 H1 final,ensemble:Solo_LiveCrashHunter|LINK/USDT|FUT_SHORT_FULL,2,1,6.262427983539104,15.996570902364915
2026 H1 final,agent:PlayerFunding|DOT/USDT|FUT_SHORT_FULL,1,1,4.123764082173616,12.193509978215506
2026 H1 final,agent:PlayerFunding|ATOM/USDT|FUT_SHORT_HALF,1,1,3.733061420345493,14.72516078418737
2026 H1 final,ensemble:Solo_LiveCrashHunter|APT/USDT|FUT_SHORT_FULL,1,1,3.4624979184013442,5.297185185292194
2026 H1 final,agent:MomentumScalper|ADA/USDT|FUT_SHORT_FULL,1,1,2.639007352941179,7.212446838217625
2026 H1 final,agent:PlayerFunding|DOGE/USDT|FUT_SHORT_FULL,1,1,2.5838042119434492,5.5168180838275855
2026 H1 final,agent:MomentumScalper|ATOM/USDT|FUT_SHORT_FULL,1,1,2.484372722540346,14.747687116826617
2026 H1 final,agent:LiveTrendFollow|BNB/USDT|FUT_SHORT_FULL,1,1,2.4021145435293008,7.6894723900613675
2026 H1 final,agent:LiveTrendFollow|ADA/USDT|FUT_SHORT_FULL,1,1,1.8389481765834907,19.474832503278915
2026 H1 final,agent:PlayerFunding|ADA/USDT|FUT_SHORT_FULL,1,1,-2.101687995124925,11.552661980013935
2026 H1 final,agent:MomentumScalper|APT/USDT|FUT_SHORT_FULL,1,1,-2.304120054570261,8.974753291148446
